Dates, Close, Stochastic K, Williams R, Stochastic %D, Slow Stochastic %D, Momentum, ROC, A/D Oscillator, 5 Day Disparity, 10 Day Disparity, Price Oscillator, CCI, RSI, Class
03/01/2012, 38.31, 0, 0, 0, 0, 0, 0, 0, 0, 0, 0, 0, 0,1
04/01/2012, 38.85, 0, 0, 0, 0, 0, 0, 0.78, 0, 0, 0, 0, 0,1
05/01/2012, 39.5, 0, 0, 0, 0, 0, 0, 0.83, 0, 0, 0, 0, 0,1
06/01/2012, 39.91, 0, 0, 0, 0, 0, 0, 0.93, 0, 0, 0, 0, 0,-1
09/01/2012, 39.75, 0, 0, 0, 0, 0, 0, 0.52, 101.24, 0, 0, 0, 0,-1
10/01/2012, 39.63, 0, 0, 0, 0, 0, 0, 0.21, 100.26, 0, 0, 0, 0,-1
11/01/2012, 38.7, 0, 0, 0, 0, 0, 0, -0.09, 97.98, 0, 0, 0, 0,1
12/01/2012, 38.73, 0, 0, 0, 0, 0, 0, 0.36, 98.44, 0, 0, 0, 0,-1
13/01/2012, 38.4, 0, 0, 0, 0, 0, 0, -0.25, 98.36, 0, 0, 0, 0,1
17/01/2012, 38.48, 0, 0, 0, 0, 0, 0, 1.02, 99.21, 98.6, -0.01, 0, 0,1
18/01/2012, 39.02, 0, 0, 0, 0, 0, 0, 0.89, 100.92, 99.8, -0.01, 0, 0,1
19/01/2012, 39.44, 0, 0, 0, 0, 0, 0, 0.96, 101.61, 100.73, -0.01, 0, 0,-1
20/01/2012, 39.31, 0, 0, 0, 0, 0, 0, 0.0, 100.98, 100.44, -0.01, 0, 0,-1
23/01/2012, 39.25, 56.71, -43.29, 0, 0, 0.94, 102.45, 0.35, 100.38, 100.46, 0.0, 0, 60.68,1
24/01/2012, 39.25, 55.16, -44.84, 0, 0, 0.4, 101.03, 0.03, 99.99, 100.59, 0.01, 0, 60.68,1
25/01/2012, 39.56, 69.06, -30.94, 60.31, 0, 0.06, 100.15, 0.6, 100.5, 101.4, 0.01, 0, 63.45,-1
26/01/2012, 39.35, 59.64, -40.36, 61.29, 0, -0.56, 98.6, 0.28, 100.02, 100.69, 0.01, 0, 60.35,-1
27/01/2012, 39.25, 55.16, -44.84, 61.29, 60.96, -0.5, 98.74, 0.29, 99.79, 100.3, 0.01, 0, 58.87,-1
30/01/2012, 38.99, 51.32, -48.68, 55.37, 59.31, -0.64, 98.39, -0.19, 99.26, 99.49, 0.0, 0, 55.1,-1
31/01/2012, 38.9, 50.87, -49.13, 52.45, 56.37, 0.2, 100.52, 0.49, 99.21, 99.15, -0.0, -2.82, 53.81,1
01/02/2012, 39.33, 75.72, -24.28, 59.3, 55.71, 0.6, 101.55, 1.51, 100.42, 100.17, -0.0, 5.72, 58.76,-1
02/02/2012, 38.91, 51.45, -48.55, 59.34, 57.03, 0.51, 101.33, -0.12, 99.58, 99.23, -0.0, -5.03, 52.81,1
03/02/2012, 40.0, 100.0, -0.0, 75.72, 64.79, 1.52, 103.95, 1.7, 101.97, 101.84, -0.0, 14.16, 63.23,1
06/02/2012, 40.46, 94.12, -5.88, 81.85, 72.31, 1.44, 103.69, 0.94, 102.38, 102.69, 0.0, 27.91, 66.58,1
07/02/2012, 40.98, 93.86, -6.14, 95.99, 84.52, 1.54, 103.9, 0.73, 102.61, 103.56, 0.01, 41.78, 69.92,1
08/02/2012, 41.27, 81.87, -18.13, 89.95, 89.27, 1.96, 104.99, 1.01, 102.35, 103.84, 0.01, 70.71, 71.62,1
09/02/2012, 41.53, 89.24, -10.76, 88.32, 91.42, 2.28, 105.81, 0.34, 101.67, 103.92, 0.02, 75.16, 73.09,-1
10/02/2012, 41.45, 86.97, -13.03, 86.02, 88.1, 2.2, 105.61, -0.13, 100.76, 103.16, 0.02, 81.26, 71.86,1
13/02/2012, 41.79, 96.33, -3.67, 90.84, 88.4, 2.23, 105.64, 1.42, 100.93, 103.28, 0.02, 111.73, 73.88,-1
14/02/2012, 41.6, 90.96, -9.04, 91.42, 89.43, 2.25, 105.72, -0.47, 100.17, 102.13, 0.02, 96.15, 70.82,-1
15/02/2012, 41.25, 81.07, -18.93, 89.45, 90.57, 2.0, 105.1, 0.24, 99.34, 100.8, 0.01, 85.79, 65.45,1
16/02/2012, 41.54, 89.27, -10.73, 87.1, 89.32, 2.55, 106.54, 0.74, 100.03, 100.86, 0.01, 87.76, 67.64,1
17/02/2012, 41.75, 94.94, -5.06, 88.43, 88.33, 2.85, 107.33, 1.03, 100.39, 100.94, 0.01, 101.26, 69.16,-1
21/02/2012, 41.57, 89.58, -10.42, 91.26, 88.93, 2.24, 105.7, 0.37, 100.07, 100.23, 0.0, 89.3, 66.28,-1
22/02/2012, 41.27, 80.65, -19.35, 88.39, 89.36, 2.36, 106.07, 0.25, 99.5, 99.44, -0.0, 60.24, 61.67,1
23/02/2012, 41.48, 82.81, -17.19, 84.35, 88.0, 1.48, 103.7, 0.69, 99.9, 99.9, -0.0, 54.36, 63.58,-1
24/02/2012, 41.31, 68.88, -31.12, 77.45, 83.4, 0.85, 102.1, 0.29, 99.6, 99.54, -0.0, 42.89, 60.93,1
27/02/2012, 41.64, 82.29, -17.71, 77.99, 79.93, 0.66, 101.61, 0.98, 100.45, 100.29, -0.0, 47.62, 64.06,1
28/02/2012, 41.93, 97.18, -2.82, 82.78, 79.41, 0.66, 101.6, 0.79, 100.97, 100.95, -0.0, 43.55, 66.59,1
29/02/2012, 41.99, 79.12, -20.88, 86.2, 82.32, 0.46, 101.11, 0.85, 100.77, 101.0, 0.0, 40.68, 67.11,1
01/03/2012, 42.39, 91.23, -8.77, 89.18, 86.05, 0.94, 102.27, 1.34, 101.29, 101.69, 0.0, 38.4, 70.39,-1
02/03/2012, 42.36, 87.67, -12.33, 86.01, 87.13, 0.57, 101.36, 0.29, 100.71, 101.41, 0.01, 23.35, 69.83,1
05/03/2012, 42.7, 95.86, -4.14, 91.59, 88.92, 1.1, 102.64, 0.62, 101.01, 102.0, 0.01, 24.05, 72.52,-1
06/03/2012, 42.0, 54.44, -45.56, 79.32, 85.64, 0.75, 101.82, -0.64, 99.32, 100.22, 0.01, 8.28, 60.57,-1
07/03/2012, 41.75, 39.64, -60.36, 63.31, 78.07, 0.21, 100.51, 0.19, 98.84, 99.51, 0.01, 2.82, 56.96,1
08/03/2012, 42.02, 55.36, -44.64, 49.81, 64.15, 0.27, 100.65, 1.54, 99.65, 100.03, 0.0, 7.53, 59.75,1
09/03/2012, 42.24, 68.45, -31.55, 54.48, 55.87, 0.67, 101.61, 1.02, 100.23, 100.33, 0.0, 10.44, 61.91,1
12/03/2012, 42.34, 71.02, -28.98, 64.94, 56.41, 1.07, 102.59, 0.87, 100.64, 100.4, -0.0, 13.1, 62.89,1
13/03/2012, 44.01, 97.66, -2.34, 79.04, 66.16, 2.53, 106.1, 1.05, 103.62, 103.85, 0.0, 43.61, 74.61,-1
14/03/2012, 43.48, 78.95, -21.05, 82.54, 75.51, 2.17, 105.25, -0.39, 101.55, 102.24, 0.01, 41.4, 67.34,-1
15/03/2012, 43.47, 78.06, -21.94, 84.89, 82.16, 1.83, 104.39, 0.06, 100.84, 101.95, 0.01, 42.59, 67.21,-1
16/03/2012, 43.19, 64.82, -35.18, 73.94, 80.46, 1.26, 103.01, 0.15, 99.75, 101.1, 0.01, 39.0, 63.43,1
19/03/2012, 43.44, 73.11, -26.89, 72.0, 76.94, 1.45, 103.45, 0.62, 99.82, 101.51, 0.02, 39.24, 65.31,-1
20/03/2012, 43.24, 64.71, -35.29, 67.55, 71.16, 0.85, 102.01, -0.34, 99.71, 100.75, 0.01, 31.09, 62.54,1
21/03/2012, 43.27, 65.97, -34.03, 67.93, 69.16, 0.91, 102.15, 1.05, 99.88, 100.46, 0.01, 40.48, 62.8,1
22/03/2012, 43.29, 66.81, -33.19, 65.83, 67.1, 0.59, 101.38, 0.33, 100.01, 100.22, 0.0, 26.94, 62.98,1
23/03/2012, 43.65, 81.93, -18.07, 71.57, 68.44, 1.65, 103.93, 0.49, 100.63, 100.72, 0.0, 29.47, 66.16,1
26/03/2012, 44.38, 98.89, -1.11, 82.54, 73.31, 2.63, 106.3, 1.55, 101.87, 101.92, 0.0, 60.15, 71.51,-1
27/03/2012, 44.15, 86.27, -13.73, 89.03, 81.05, 2.13, 105.07, 0.29, 100.92, 101.36, 0.0, 56.37, 67.87,-1
28/03/2012, 43.51, 59.92, -40.08, 81.7, 84.42, 1.27, 103.01, 0.0, 99.35, 99.89, 0.01, 26.11, 58.89,-1
29/03/2012, 43.01, 36.6, -63.4, 60.93, 77.22, 0.67, 101.58, -0.25, 98.33, 98.84, 0.01, -6.73, 52.99,1
30/03/2012, 43.78, 67.27, -32.73, 54.6, 65.74, -0.23, 99.48, 1.12, 100.03, 100.48, 0.0, 17.97, 59.69,1
02/04/2012, 43.84, 70.0, -30.0, 57.96, 57.83, 0.36, 100.83, 0.32, 100.42, 100.52, 0.0, 20.3, 60.16,-1
03/04/2012, 43.29, 45.0, -55.0, 60.76, 57.77, -0.18, 99.59, -0.11, 99.55, 99.25, -0.0, 2.99, 53.88,-1
04/04/2012, 42.93, 28.64, -71.36, 47.88, 55.53, -0.26, 99.4, -0.59, 98.99, 98.5, -0.0, -12.47, 50.18,1
05/04/2012, 43.08, 35.45, -64.55, 36.36, 48.33, -0.36, 99.17, 0.5, 99.3, 98.89, -0.0, -7.61, 51.67,-1
09/04/2012, 42.11, 5.91, -94.09, 23.33, 35.86, -1.13, 97.39, -2.61, 97.82, 97.01, -0.01, -28.09, 42.78,-1
10/04/2012, 40.99, 3.04, -96.96, 14.8, 24.83, -2.28, 94.73, 0.02, 96.49, 95.17, -0.01, -54.33, 35.24,1
11/04/2012, 41.37, 13.54, -86.46, 7.49, 15.21, -1.92, 95.56, 1.54, 98.28, 96.68, -0.02, -60.84, 39.15,1
12/04/2012, 42.15, 35.08, -64.92, 17.22, 13.17, -1.5, 96.56, 0.87, 100.5, 98.82, -0.02, -48.92, 46.33,-1
13/04/2012, 41.85, 26.8, -73.2, 25.14, 16.62, -2.53, 94.3, 0.13, 100.37, 98.38, -0.02, -47.69, 44.17,-1
16/04/2012, 41.66, 21.55, -78.45, 27.81, 23.39, -2.49, 94.36, 0.47, 100.13, 98.42, -0.02, -55.37, 42.81,1
17/04/2012, 42.68, 55.05, -44.95, 34.46, 29.14, -0.83, 98.09, 1.26, 101.76, 101.11, -0.01, -21.7, 51.46,-1
18/04/2012, 42.49, 51.6, -48.4, 42.73, 35.0, -0.52, 98.79, -0.24, 100.77, 100.85, 0.0, -18.25, 49.94,-1
19/04/2012, 42.08, 38.46, -61.54, 48.37, 41.85, -1.7, 96.12, 0.03, 99.83, 100.08, 0.0, -32.21, 46.75,1
20/04/2012, 42.35, 47.12, -52.88, 45.73, 45.61, -1.49, 96.6, 1.27, 100.23, 100.9, 0.01, -12.88, 49.06,-1
23/04/2012, 42.01, 39.37, -60.63, 41.65, 45.25, -1.28, 97.04, -0.19, 99.26, 100.11, 0.01, -32.95, 46.33,1
24/04/2012, 42.18, 56.52, -43.48, 47.67, 45.02, -0.75, 98.25, 0.91, 99.9, 100.23, 0.0, -16.39, 47.89,1
25/04/2012, 42.7, 79.13, -20.87, 58.34, 49.22, -0.38, 99.12, 1.53, 101.03, 101.15, 0.0, 4.9, 52.45,1
26/04/2012, 43.36, 92.54, -7.46, 76.06, 60.69, 1.25, 102.97, 0.99, 101.98, 102.42, 0.0, 26.76, 57.52,-1
27/04/2012, 43.35, 89.17, -10.83, 86.95, 73.78, 2.36, 105.76, 0.55, 101.47, 102.03, 0.01, 33.62, 57.42,-1
30/04/2012, 43.11, 77.59, -22.41, 86.43, 83.15, 1.74, 104.21, 0.0, 100.4, 101.12, 0.01, 23.05, 54.95,1
01/05/2012, 43.79, 89.44, -10.56, 85.4, 86.26, 1.64, 103.89, 1.04, 101.22, 102.45, 0.01, 43.81, 60.18,-1
02/05/2012, 43.54, 78.43, -21.57, 81.82, 84.55, 1.69, 104.04, 0.04, 100.25, 101.62, 0.01, 39.66, 57.54,1
03/05/2012, 43.81, 87.64, -12.36, 85.17, 84.13, 2.15, 105.16, 0.92, 100.67, 101.84, 0.01, 52.53, 59.6,-1
04/05/2012, 42.93, 50.0, -50.0, 72.03, 79.67, 0.25, 100.59, -0.11, 98.84, 99.66, 0.01, 26.09, 50.92,1
07/05/2012, 43.82, 87.08, -12.92, 74.91, 77.37, 1.33, 103.13, 1.59, 100.56, 101.3, 0.01, 48.21, 57.64,1
08/05/2012, 44.3, 93.12, -6.88, 76.73, 74.56, 2.22, 105.28, 0.48, 101.42, 101.91, 0.0, 55.57, 60.76,1
09/05/2012, 45.02, 80.84, -19.16, 87.01, 79.55, 2.67, 106.3, 1.08, 102.37, 103.01, 0.01, 105.61, 64.93,1
10/05/2012, 45.28, 87.22, -12.78, 87.06, 83.6, 3.27, 107.78, 1.06, 102.28, 103.16, 0.01, 115.68, 66.33,1
11/05/2012, 45.56, 93.73, -6.27, 87.26, 87.11, 3.38, 108.01, 0.65, 101.71, 103.27, 0.02, 122.75, 67.81,-1
14/05/2012, 45.17, 81.58, -18.42, 87.51, 87.28, 2.47, 105.78, -0.12, 100.23, 101.91, 0.02, 103.24, 63.61,-1
15/05/2012, 45.01, 74.6, -25.4, 83.3, 86.03, 1.65, 103.81, 0.72, 99.56, 101.27, 0.02, 101.34, 61.91,1
16/05/2012, 45.08, 75.68, -24.32, 77.28, 82.7, 1.73, 103.99, 1.1, 99.69, 101.08, 0.01, 95.55, 62.38,-1
17/05/2012, 44.33, 50.34, -49.66, 66.87, 75.82, 1.22, 102.83, 0.16, 98.45, 99.28, 0.01, 48.02, 54.58,-1
18/05/2012, 43.81, 32.77, -67.23, 52.93, 65.69, 0.02, 100.05, 0.18, 98.05, 97.93, -0.0, 2.97, 49.91,1
21/05/2012, 44.39, 52.36, -47.64, 45.16, 54.99, 0.85, 101.95, 0.67, 99.7, 99.1, -0.01, 4.04, 54.58,1
22/05/2012, 44.39, 52.36, -47.64, 45.83, 47.97, 0.58, 101.32, 0.54, 99.98, 99.08, -0.01, 13.31, 54.58,-1
23/05/2012, 44.21, 46.28, -53.72, 50.34, 47.11, 1.28, 102.98, 0.11, 99.96, 98.85, -0.01, -2.54, 52.81,1
24/05/2012, 44.44, 49.82, -50.18, 49.49, 48.55, 0.62, 101.41, 0.67, 100.43, 99.55, -0.01, 3.44, 54.82,1
25/05/2012, 44.5, 52.03, -47.97, 49.38, 49.73, 0.2, 100.45, 0.9, 100.26, 99.93, -0.0, 11.43, 55.36,1
29/05/2012, 45.48, 86.03, -13.97, 62.62, 53.83, 0.46, 101.02, 1.11, 101.96, 102.06, 0.0, 30.1, 63.06,-1
30/05/2012, 45.2, 73.8, -26.2, 70.62, 60.87, -0.08, 99.82, 0.0, 100.97, 101.38, 0.0, 26.51, 59.88,1
31/05/2012, 45.71, 84.94, -15.06, 81.59, 71.61, 0.15, 100.33, 0.87, 101.43, 102.38, 0.01, 39.88, 63.49,-1
01/06/2012, 44.4, 34.36, -65.64, 64.37, 72.19, -0.77, 98.3, -0.36, 98.54, 99.43, 0.01, 1.25, 50.84,1
04/06/2012, 44.41, 34.75, -65.25, 51.35, 65.77, -0.6, 98.67, 0.53, 98.6, 99.32, 0.01, -10.4, 50.92,1
05/06/2012, 44.84, 51.35, -48.65, 40.15, 51.96, -0.24, 99.47, 0.71, 99.84, 100.18, 0.0, -3.66, 54.37,1
06/06/2012, 45.53, 77.99, -22.01, 54.7, 48.73, 1.2, 102.71, 1.27, 101.23, 101.47, 0.0, 15.79, 59.32,1
07/06/2012, 45.63, 78.23, -21.77, 69.19, 54.68, 1.82, 104.15, 1.0, 101.49, 101.37, -0.0, 29.28, 60.0,1
08/06/2012, 46.24, 99.64, -0.36, 85.29, 69.72, 1.85, 104.17, 0.94, 102.01, 102.31, 0.0, 38.28, 63.94,-1
11/06/2012, 45.8, 70.57, -29.43, 82.81, 79.1, 1.41, 103.18, 0.43, 100.42, 101.05, 0.01, 40.37, 59.4,1
12/06/2012, 46.38, 91.13, -8.87, 87.11, 85.07, 2.17, 104.91, 0.73, 101.01, 102.13, 0.01, 44.69, 63.12,-1
13/06/2012, 46.23, 84.09, -15.91, 81.93, 83.95, 1.79, 104.03, 0.41, 100.38, 101.57, 0.01, 53.56, 61.55,1
14/06/2012, 47.18, 91.84, -8.16, 89.02, 86.02, 2.68, 106.02, 0.98, 101.76, 103.32, 0.02, 88.49, 67.13,-1
15/06/2012, 47.09, 89.12, -10.88, 88.35, 86.44, 1.61, 103.54, 0.49, 101.19, 102.52, 0.01, 101.74, 66.15,1
18/06/2012, 47.1, 89.43, -10.57, 90.13, 89.17, 1.9, 104.2, 0.52, 100.65, 101.94, 0.01, 94.37, 66.21,1
19/06/2012, 47.51, 87.31, -12.69, 88.62, 89.03, 1.8, 103.94, 1.25, 101.04, 102.24, 0.01, 118.24, 68.63,1
20/06/2012, 47.73, 93.01, -6.99, 89.91, 89.55, 3.33, 107.5, 0.85, 100.86, 102.23, 0.01, 120.86, 69.87,-1
21/06/2012, 47.4, 84.46, -15.54, 88.26, 88.93, 2.99, 106.73, 0.24, 100.07, 101.14, 0.01, 98.19, 65.66,1
22/06/2012, 47.47, 86.05, -13.95, 87.84, 88.67, 2.63, 105.87, 0.2, 100.06, 101.02, 0.01, 74.91, 66.13,-1
25/06/2012, 46.7, 56.67, -43.33, 75.73, 83.94, 1.17, 102.57, -0.35, 98.6, 99.19, 0.01, 38.17, 56.97,1
26/06/2012, 47.3, 71.66, -28.34, 71.46, 78.34, 1.67, 103.66, 1.18, 99.96, 100.27, 0.0, 54.14, 61.45,1
27/06/2012, 47.87, 91.6, -8.4, 73.31, 73.5, 1.63, 103.53, 0.92, 101.1, 101.13, 0.0, 79.3, 65.16,-1
28/06/2012, 47.82, 89.6, -10.4, 84.29, 76.35, 2.02, 104.41, -0.03, 100.82, 100.89, 0.0, 63.31, 64.57,1
29/06/2012, 48.5, 86.65, -13.35, 89.28, 82.29, 2.12, 104.57, 1.55, 101.81, 102.02, 0.0, 109.56, 68.71,1
02/07/2012, 48.72, 92.23, -7.77, 89.49, 87.69, 2.49, 105.39, 0.49, 101.41, 102.13, 0.01, 89.77, 69.93,-1
03/07/2012, 48.59, 86.86, -13.14, 88.58, 89.12, 1.41, 102.99, 0.09, 100.6, 101.63, 0.01, 72.94, 68.23,-1
05/07/2012, 48.11, 65.0, -35.0, 81.36, 86.48, 1.02, 102.17, -0.06, 99.51, 100.55, 0.01, 42.42, 62.23,-1
06/07/2012, 48.04, 62.08, -37.92, 71.31, 80.42, 0.94, 102.0, 0.15, 99.27, 100.27, 0.01, 26.97, 61.39,-1
09/07/2012, 48.0, 60.42, -39.58, 62.5, 71.73, 0.49, 101.03, 0.33, 99.4, 100.07, 0.01, 21.48, 60.87,-1
10/07/2012, 47.36, 33.75, -66.25, 52.08, 61.97, -0.37, 99.22, 0.32, 98.63, 98.6, -0.0, 4.08, 53.25,-1
11/07/2012, 47.27, 30.0, -70.0, 41.39, 51.99, -0.13, 99.73, 0.37, 98.98, 98.42, -0.01, -9.53, 52.26,1
12/07/2012, 47.41, 35.83, -64.17, 33.19, 42.22, -0.06, 99.87, 0.56, 99.57, 98.81, -0.01, -7.87, 53.7,1
13/07/2012, 48.19, 68.33, -31.67, 44.72, 39.77, 1.49, 103.19, 0.97, 101.14, 100.36, -0.01, 8.04, 60.81,-1
16/07/2012, 47.86, 48.83, -51.17, 51.0, 42.97, 0.56, 101.18, -0.16, 100.51, 99.8, -0.01, 4.33, 56.84,1
17/07/2012, 49.35, 81.43, -18.57, 66.2, 53.97, 1.48, 103.09, 1.36, 102.78, 102.77, -0.0, 41.38, 67.25,1
18/07/2012, 49.35, 81.43, -18.57, 70.56, 62.59, 1.53, 103.2, 0.45, 101.9, 102.61, 0.01, 48.07, 67.25,-1
19/07/2012, 48.99, 69.71, -30.29, 77.52, 71.43, 0.49, 101.01, 0.3, 100.5, 101.68, 0.01, 42.3, 62.99,-1
20/07/2012, 48.59, 56.68, -43.32, 69.27, 72.45, -0.13, 99.73, -0.09, 99.51, 100.73, 0.01, 24.76, 58.55,-1
23/07/2012, 47.98, 36.81, -63.19, 54.4, 67.06, -0.61, 98.74, -0.83, 98.22, 99.47, 0.01, -9.47, 52.48,1
24/07/2012, 48.16, 42.67, -57.33, 45.39, 56.35, 0.05, 100.1, 0.55, 99.07, 99.68, 0.01, -2.52, 54.0,1
25/07/2012, 48.3, 47.23, -52.77, 42.24, 47.34, 0.26, 100.54, 0.76, 99.79, 99.76, -0.0, 4.12, 55.2,1
26/07/2012, 49.71, 93.16, -6.84, 61.02, 49.55, 1.71, 103.56, 1.94, 102.39, 102.18, -0.0, 45.56, 65.06,1
27/07/2012, 49.94, 83.74, -16.26, 74.71, 59.32, 2.58, 105.45, 0.98, 102.3, 102.29, -0.0, 66.12, 66.36,-1
30/07/2012, 49.8, 79.95, -20.05, 85.62, 73.78, 2.53, 105.35, 0.41, 101.26, 101.6, 0.0, 62.43, 64.78,-1
31/07/2012, 49.14, 62.06, -37.94, 75.25, 78.52, 1.73, 103.65, 0.07, 99.52, 100.29, 0.01, 40.55, 57.79,-1
01/08/2012, 48.82, 45.57, -54.43, 62.53, 74.46, 0.63, 101.31, 0.48, 98.66, 99.75, 0.01, 24.22, 54.71,1
02/08/2012, 48.98, 50.0, -50.0, 52.54, 63.44, 1.12, 102.34, 0.2, 99.28, 100.08, 0.01, 6.85, 55.97,1
03/08/2012, 49.77, 75.32, -24.68, 56.96, 57.34, 0.42, 100.85, 1.75, 100.95, 101.45, 0.0, 50.97, 61.66,-1
06/08/2012, 49.65, 71.47, -28.53, 65.6, 58.37, 0.3, 100.61, 0.66, 100.77, 100.86, 0.0, 52.45, 60.39,1
07/08/2012, 49.81, 76.6, -23.4, 74.47, 65.68, 0.82, 101.67, 1.12, 100.82, 100.85, 0.0, 55.32, 61.53,1
08/08/2012, 50.49, 95.05, -4.95, 81.04, 73.7, 1.9, 103.91, 0.52, 101.51, 101.77, 0.0, 50.9, 66.02,-1
09/08/2012, 49.96, 78.64, -21.36, 83.43, 79.65, 1.98, 104.13, -0.03, 100.05, 100.65, 0.01, 42.21, 60.13,-1
10/08/2012, 49.65, 66.22, -33.78, 79.97, 81.48, 1.49, 103.09, -0.07, 99.48, 100.09, 0.01, 17.06, 56.93,1
13/08/2012, 49.86, 70.08, -29.92, 71.64, 78.35, 1.56, 103.23, 0.64, 99.81, 100.5, 0.01, 17.1, 58.54,-1
14/08/2012, 49.69, 61.9, -38.1, 66.07, 72.56, -0.02, 99.96, 0.47, 99.52, 100.04, 0.01, 17.18, 56.69,1
15/08/2012, 49.89, 69.84, -30.16, 67.27, 68.33, -0.05, 99.9, 0.88, 100.16, 100.23, 0.0, 18.53, 58.36,1
16/08/2012, 50.25, 84.13, -15.87, 71.96, 68.43, 0.45, 100.9, 0.85, 100.77, 100.7, -0.0, 29.43, 61.24,1
17/08/2012, 50.46, 92.46, -7.54, 82.14, 73.79, 1.32, 102.69, 1.36, 100.86, 100.98, 0.0, 36.1, 62.86,-1
20/08/2012, 50.45, 92.06, -7.94, 89.55, 81.22, 1.63, 103.34, 0.3, 100.6, 100.8, 0.0, 24.4, 62.73,-1
21/08/2012, 49.64, 59.92, -40.08, 81.48, 84.39, 0.66, 101.35, 0.03, 99.01, 99.21, 0.0, 4.05, 52.87,1
22/08/2012, 49.66, 38.12, -61.88, 63.37, 78.13, -0.11, 99.78, 0.78, 99.14, 99.42, 0.0, -0.34, 53.07,-1
23/08/2012, 49.17, 8.64, -91.36, 35.56, 60.14, -0.48, 99.03, 0.0, 98.58, 98.59, 0.0, -9.77, 47.82,1
24/08/2012, 49.56, 33.54, -66.46, 26.77, 41.9, -0.25, 99.5, 0.73, 99.73, 99.39, -0.0, -7.28, 51.9,1
27/08/2012, 49.63, 37.8, -62.2, 26.66, 29.66, -0.86, 98.3, 0.66, 100.2, 99.58, -0.01, -2.1, 52.62,1
28/08/2012, 49.63, 39.24, -60.76, 36.86, 30.1, -0.33, 99.34, 0.39, 100.2, 99.59, -0.01, -3.05, 52.62,1
29/08/2012, 50.04, 65.19, -34.81, 47.41, 36.98, 0.39, 100.79, 0.93, 100.87, 100.38, -0.0, 2.6, 56.96,-1
30/08/2012, 49.42, 25.95, -74.05, 43.46, 42.58, -0.44, 99.12, -0.63, 99.52, 99.3, -0.0, -4.67, 49.56,1
31/08/2012, 49.47, 29.11, -70.89, 40.08, 43.65, -0.22, 99.56, 0.96, 99.66, 99.6, -0.0, -3.64, 50.12,1
04/09/2012, 49.66, 41.14, -58.86, 32.07, 38.54, -0.23, 99.54, 0.6, 100.03, 100.15, 0.0, -3.89, 52.3,1
05/09/2012, 50.79, 79.82, -20.18, 50.02, 40.73, 0.54, 101.07, 1.37, 101.83, 102.19, 0.0, 16.23, 62.73,1
06/09/2012, 51.86, 99.65, -0.35, 73.54, 51.88, 1.4, 102.77, 0.88, 103.22, 103.88, 0.01, 38.18, 69.53,-1
07/09/2012, 51.74, 91.3, -8.7, 90.26, 71.27, 1.29, 102.56, 0.41, 102.04, 103.11, 0.01, 58.74, 68.03,-1
10/09/2012, 51.52, 83.95, -16.05, 91.63, 85.14, 1.88, 103.79, 0.19, 100.79, 102.27, 0.01, 57.94, 65.25,1
11/09/2012, 51.56, 85.28, -14.72, 86.85, 89.58, 1.9, 103.83, 0.62, 100.13, 101.96, 0.02, 59.67, 65.53,1
12/09/2012, 51.7, 89.97, -10.03, 86.4, 88.29, 2.53, 105.15, 0.44, 100.05, 101.82, 0.02, 63.02, 66.53,1
13/09/2012, 52.6, 98.09, -1.91, 91.11, 88.12, 3.04, 106.13, 1.03, 101.5, 103.07, 0.02, 105.16, 72.13,-1
14/09/2012, 52.35, 88.64, -11.36, 92.23, 89.91, 2.72, 105.48, 0.26, 100.78, 102.0, 0.01, 117.44, 68.69,-1
17/09/2012, 52.15, 82.95, -17.05, 89.89, 91.08, 2.52, 105.08, 0.17, 100.15, 101.08, 0.01, 106.21, 65.98,-1
18/09/2012, 51.9, 75.85, -24.15, 82.48, 88.2, 1.86, 103.72, -0.09, 99.54, 100.16, 0.01, 88.69, 62.66,1
19/09/2012, 52.7, 93.28, -6.72, 84.03, 85.47, 3.28, 106.64, 0.9, 100.69, 101.33, 0.01, 123.62, 68.18,-1
20/09/2012, 52.66, 92.2, -7.8, 87.11, 84.54, 3.19, 106.45, 0.44, 100.59, 101.1, 0.01, 129.9, 67.64,1
21/09/2012, 52.74, 84.38, -15.62, 89.95, 87.03, 3.08, 106.2, 1.11, 100.59, 101.06, 0.0, 135.26, 68.19,1
24/09/2012, 52.92, 85.76, -14.24, 87.45, 88.17, 2.13, 104.19, 0.7, 100.64, 101.13, 0.0, 109.78, 69.43,-1
25/09/2012, 52.54, 68.84, -31.16, 79.66, 85.69, 0.68, 101.31, 0.56, 99.67, 100.22, 0.01, 89.66, 63.77,-1
26/09/2012, 51.94, 31.46, -68.54, 62.02, 76.37, 0.2, 100.39, 0.07, 98.82, 99.03, 0.0, 29.67, 56.02,1
27/09/2012, 52.58, 61.5, -38.5, 53.93, 65.2, 1.06, 102.06, 1.04, 100.07, 100.25, 0.0, 39.24, 61.41,-1
28/09/2012, 52.28, 47.42, -52.58, 46.79, 54.25, 0.72, 101.4, -0.1, 99.67, 99.69, 0.0, 19.77, 57.83,-1
01/10/2012, 52.07, 37.56, -62.44, 48.83, 49.85, 0.37, 100.72, 0.62, 99.59, 99.31, -0.0, 10.89, 55.4,-1
02/10/2012, 51.64, 8.81, -91.19, 31.26, 42.29, -0.96, 98.17, 0.23, 99.11, 98.54, -0.01, -9.77, 50.69,1
03/10/2012, 52.47, 51.81, -48.19, 32.73, 37.6, 0.12, 100.23, 1.05, 100.5, 100.16, -0.0, 2.28, 58.09,1
04/10/2012, 52.63, 60.1, -39.9, 40.24, 34.74, 0.48, 100.92, 0.88, 100.79, 100.48, -0.0, 10.38, 59.36,1
05/10/2012, 52.97, 77.72, -22.28, 63.21, 45.39, 1.07, 102.06, 1.33, 101.17, 101.08, -0.0, 15.23, 61.98,-1
08/10/2012, 52.33, 44.56, -55.44, 60.79, 54.75, -0.37, 99.3, -1.21, 99.85, 99.97, 0.0, -0.72, 54.8,-1
09/10/2012, 51.51, 2.58, -97.42, 41.62, 55.21, -1.15, 97.82, 0.0, 98.34, 98.6, 0.0, -12.17, 47.25,-1
10/10/2012, 51.21, 5.19, -94.81, 17.44, 39.95, -1.53, 97.1, 0.22, 98.24, 98.16, -0.0, -22.14, 44.81,-1
11/10/2012, 50.34, 4.38, -95.62, 4.05, 21.04, -2.58, 95.12, 0.26, 97.42, 96.91, -0.01, -42.32, 38.6,1
12/10/2012, 50.59, 12.19, -87.81, 7.25, 9.58, -1.95, 96.29, 1.24, 98.82, 97.71, -0.01, -52.94, 41.13,1
15/10/2012, 50.79, 20.0, -80.0, 12.19, 7.83, -1.15, 97.79, 0.49, 99.81, 98.34, -0.01, -56.96, 43.14,1
16/10/2012, 51.24, 35.25, -64.75, 22.48, 13.97, -1.34, 97.45, 1.69, 100.8, 99.29, -0.02, -33.4, 47.5,1
17/10/2012, 52.29, 70.85, -29.15, 42.03, 25.57, 0.01, 100.02, 1.08, 102.43, 101.36, -0.01, -1.31, 55.97,1
18/10/2012, 52.42, 75.25, -24.75, 60.45, 41.66, 0.35, 100.67, 0.73, 101.85, 101.65, -0.0, 16.36, 56.89,-1
19/10/2012, 51.9, 57.63, -42.37, 67.91, 56.8, 0.26, 100.5, 0.17, 100.33, 100.85, 0.01, 1.93, 52.16,-1
22/10/2012, 51.79, 53.9, -46.1, 62.26, 63.54, -0.68, 98.7, 0.23, 99.73, 100.74, 0.01, -6.6, 51.19,-1
23/10/2012, 50.76, 18.98, -81.02, 43.5, 57.89, -1.87, 96.45, -0.73, 97.93, 98.88, 0.01, -33.33, 43.11,-1
24/10/2012, 50.65, 15.25, -84.75, 29.38, 45.05, -2.32, 95.62, 0.62, 98.34, 98.78, 0.0, -40.83, 42.34,-1
25/10/2012, 50.26, 10.79, -89.21, 15.01, 29.3, -2.07, 96.04, 0.36, 98.41, 98.03, -0.0, -55.16, 39.64,-1
26/10/2012, 50.08, 17.39, -82.61, 14.48, 19.62, -1.43, 97.22, 0.27, 98.76, 97.78, -0.01, -72.67, 38.42,-1
31/10/2012, 49.12, 8.12, -91.88, 12.1, 13.86, -2.09, 95.92, 0.48, 97.9, 96.22, -0.02, -88.49, 32.66,1
01/11/2012, 49.78, 24.87, -75.13, 16.8, 14.46, -0.56, 98.89, 1.16, 99.6, 97.79, -0.02, -85.12, 39.39,1
02/11/2012, 49.86, 26.9, -73.1, 19.97, 16.29, -0.73, 98.56, 0.99, 100.08, 98.42, -0.02, -56.31, 40.17,1
05/11/2012, 50.32, 38.58, -61.42, 30.12, 22.29, -0.47, 99.07, 0.96, 100.98, 99.74, -0.01, -40.55, 44.59,1
06/11/2012, 50.47, 42.39, -57.61, 35.96, 28.68, -0.77, 98.5, 0.61, 101.12, 100.32, -0.01, -26.29, 45.99,-1
07/11/2012, 50.08, 32.49, -67.51, 37.82, 34.63, -2.21, 95.77, 0.17, 99.96, 99.88, -0.0, -33.32, 42.95,-1
08/11/2012, 50.04, 31.47, -68.53, 35.45, 36.41, -2.38, 95.46, 0.83, 99.77, 99.95, 0.0, -21.65, 42.64,-1
09/11/2012, 47.06, 8.75, -91.25, 24.24, 32.5, -4.84, 90.67, -1.47, 94.89, 94.67, -0.0, -166.17, 26.96,1
12/11/2012, 47.45, 16.67, -83.33, 18.96, 26.22, -4.34, 91.62, 0.85, 96.8, 96.0, -0.01, -178.38, 30.56,1
13/11/2012, 47.96, 29.67, -70.33, 18.36, 20.52, -2.8, 94.48, 0.85, 98.85, 97.45, -0.01, -158.76, 35.06,-1
14/11/2012, 47.17, 13.59, -86.41, 19.97, 19.1, -3.48, 93.13, 0.08, 98.4, 96.23, -0.02, -205.64, 31.64,1
15/11/2012, 47.47, 19.96, -80.04, 21.07, 19.8, -2.79, 94.45, 0.69, 100.1, 97.3, -0.03, -217.92, 34.27,-1
16/11/2012, 47.42, 18.9, -81.1, 17.48, 19.51, -2.66, 94.69, 0.41, 99.84, 97.68, -0.02, -206.02, 34.03,1
19/11/2012, 47.91, 29.3, -70.7, 22.72, 20.42, -1.21, 97.54, 1.05, 100.68, 99.19, -0.02, -153.23, 38.48,1
20/11/2012, 48.44, 42.83, -57.17, 30.34, 23.51, -1.34, 97.31, 0.7, 101.59, 100.71, -0.01, -96.48, 42.95,1
21/11/2012, 48.68, 48.21, -51.79, 40.11, 31.06, -1.18, 97.63, 0.93, 101.45, 101.5, 0.0, -37.26, 44.91,1
23/11/2012, 49.26, 63.05, -36.95, 51.36, 40.6, -1.06, 97.89, 1.25, 101.9, 102.88, 0.01, 7.21, 49.42,-1
26/11/2012, 49.03, 58.0, -42.0, 56.42, 49.3, -1.44, 97.15, 0.33, 100.75, 101.98, 0.01, 13.63, 47.75,-1
27/11/2012, 48.6, 48.03, -51.97, 56.36, 54.71, -1.48, 97.04, 0.25, 99.59, 100.84, 0.01, -5.76, 44.71,1
28/11/2012, 49.2, 61.95, -38.05, 55.99, 56.26, -0.84, 98.32, 0.46, 100.5, 101.83, 0.01, -2.06, 49.54,1
29/11/2012, 49.72, 96.08, -3.92, 68.69, 60.35, 2.66, 105.65, 1.23, 101.14, 102.36, 0.01, 55.31, 53.34,-1
30/11/2012, 49.66, 90.6, -9.4, 82.88, 69.19, 2.21, 104.66, 0.32, 100.85, 101.78, 0.01, 54.47, 52.85,-1
03/12/2012, 49.29, 76.64, -23.36, 87.78, 79.78, 1.33, 102.77, 0.47, 99.99, 100.63, 0.01, 48.7, 49.78,1
04/12/2012, 49.3, 76.97, -23.03, 81.41, 84.02, 2.13, 104.52, 0.27, 99.73, 100.37, 0.01, 30.38, 49.87,1
05/12/2012, 49.59, 86.51, -13.49, 80.04, 83.08, 2.12, 104.47, 0.79, 100.16, 100.73, 0.01, 51.27, 52.37,-1
06/12/2012, 49.06, 68.14, -31.86, 77.21, 79.55, 1.64, 103.46, -0.81, 99.35, 99.57, 0.0, 17.79, 47.68,1
07/12/2012, 49.24, 70.2, -29.8, 74.95, 77.4, 1.33, 102.78, 0.86, 99.89, 99.94, 0.0, 34.59, 49.34,1
10/12/2012, 49.3, 70.09, -29.91, 69.47, 73.88, 0.86, 101.78, 0.84, 100.0, 100.01, 0.0, 32.62, 49.91,1
11/12/2012, 49.48, 75.93, -24.07, 72.07, 72.16, 0.8, 101.64, 1.1, 100.3, 100.19, -0.0, 37.27, 51.67,1
12/12/2012, 49.64, 80.72, -19.28, 75.58, 72.37, 0.38, 100.77, 0.91, 100.6, 100.43, -0.0, 36.68, 53.24,-1
13/12/2012, 49.11, 56.95, -43.05, 71.2, 72.95, 0.08, 100.16, 0.06, 99.51, 99.48, -0.0, 11.18, 47.71,-1
14/12/2012, 48.67, 37.22, -62.78, 58.3, 68.36, 0.07, 100.14, 0.02, 98.84, 98.79, -0.0, -7.23, 43.65,1
17/12/2012, 49.28, 64.57, -35.43, 52.91, 60.8, 0.08, 100.16, 1.0, 100.09, 100.03, -0.0, -0.06, 50.0,1
18/12/2012, 50.22, 94.35, -5.65, 65.38, 58.86, 0.5, 101.01, 0.89, 101.69, 101.74, 0.0, 15.55, 57.88,-1
19/12/2012, 49.94, 70.92, -29.08, 76.61, 64.97, 0.28, 100.56, 0.51, 101.0, 101.11, 0.0, 18.65, 55.09,1
20/12/2012, 50.93, 94.82, -5.18, 86.7, 76.23, 1.64, 103.33, 0.91, 102.25, 102.72, 0.0, 30.41, 62.05,-1
21/12/2012, 50.0, 57.77, -42.23, 74.5, 79.27, 0.7, 101.42, -0.17, 99.85, 100.69, 0.01, 18.65, 53.64,-1
24/12/2012, 49.88, 52.99, -47.01, 68.53, 76.58, 0.29, 100.58, 0.56, 99.37, 100.33, 0.01, 13.21, 52.65,-1
26/12/2012, 49.85, 51.79, -48.21, 54.18, 65.74, 0.79, 101.61, 0.19, 99.46, 100.2, 0.01, 5.66, 52.39,-1
27/12/2012, 49.53, 39.04, -60.96, 47.94, 56.88, 0.29, 100.59, 0.14, 98.98, 99.58, 0.01, -2.09, 49.57,-1
28/12/2012, 49.15, 23.9, -76.1, 38.25, 46.79, -0.15, 99.7, 0.25, 98.93, 98.8, -0.0, -6.08, 46.38,1
31/12/2012, 49.79, 49.4, -50.6, 37.45, 41.21, 0.31, 100.63, 0.65, 100.3, 99.87, -0.0, -1.88, 51.99,1
02/01/2013, 51.1, 94.44, -5.56, 55.92, 43.87, 1.46, 102.94, 2.39, 102.44, 102.12, -0.0, 39.24, 60.98,1
03/01/2013, 51.21, 95.34, -4.66, 79.73, 57.7, 2.1, 104.28, 0.48, 102.1, 102.14, 0.0, 46.4, 61.63,1
04/01/2013, 52.19, 96.04, -3.96, 95.28, 76.97, 3.52, 107.23, 1.12, 102.96, 103.63, 0.01, 86.8, 66.91,-1
07/01/2013, 50.97, 62.67, -37.33, 84.68, 86.56, 1.69, 103.43, -0.39, 99.84, 101.2, 0.01, 51.27, 56.48,-1
08/01/2013, 50.76, 55.37, -44.63, 71.36, 83.77, 0.54, 101.08, 0.34, 99.05, 100.63, 0.02, 36.19, 54.9,1
09/01/2013, 50.78, 55.93, -44.07, 57.99, 71.34, 0.84, 101.68, 1.0, 99.21, 100.49, 0.01, 41.72, 55.03,1
10/01/2013, 50.79, 56.21, -43.79, 55.84, 61.73, -0.14, 99.73, 0.71, 99.4, 100.32, 0.01, 33.28, 55.1,-1
11/01/2013, 50.58, 50.28, -49.72, 54.14, 55.99, 0.58, 101.16, 0.4, 99.61, 99.7, 0.0, 22.13, 53.24,1
14/01/2013, 50.59, 50.56, -49.44, 52.35, 54.11, 0.71, 101.42, 0.38, 99.78, 99.44, -0.0, 11.25, 53.32,1
15/01/2013, 51.09, 64.69, -35.31, 55.18, 53.89, 1.24, 102.49, 0.78, 100.64, 100.16, -0.0, 20.91, 57.29,1
16/01/2013, 51.53, 77.12, -22.88, 64.12, 57.22, 2.0, 104.04, 0.7, 101.21, 100.94, -0.0, 34.08, 60.48,1
17/01/2013, 52.41, 92.56, -7.44, 78.12, 65.81, 3.26, 106.63, 1.36, 102.28, 102.43, 0.0, 70.68, 65.95,-1
18/01/2013, 52.34, 90.77, -9.23, 86.82, 76.36, 2.55, 105.12, -0.13, 101.45, 102.26, 0.01, 63.46, 65.18,1
22/01/2013, 52.73, 97.33, -2.67, 93.55, 86.17, 1.63, 103.19, 0.74, 101.36, 102.67, 0.01, 84.8, 67.47,1
23/01/2013, 53.95, 94.72, -5.28, 94.27, 91.55, 2.74, 105.35, 1.04, 102.58, 104.39, 0.02, 144.55, 73.36,1
24/01/2013, 53.95, 80.38, -19.62, 90.81, 92.88, 1.76, 103.37, 0.97, 101.65, 103.76, 0.02, 196.68, 73.36,1
25/01/2013, 54.38, 89.55, -10.45, 88.22, 91.1, 3.41, 106.69, 0.64, 101.7, 103.87, 0.02, 201.38, 75.2,-1
28/01/2013, 54.36, 89.13, -10.87, 86.35, 88.46, 3.6, 107.09, 0.39, 100.9, 103.09, 0.02, 212.0, 74.94,-1
29/01/2013, 53.99, 81.24, -18.76, 86.64, 87.07, 3.21, 106.32, -0.22, 99.75, 101.73, 0.02, 161.31, 70.13,-1
30/01/2013, 53.79, 76.97, -23.03, 82.44, 85.15, 3.0, 105.91, 0.02, 99.44, 100.84, 0.01, 132.12, 67.6,1
31/01/2013, 53.88, 78.89, -21.11, 79.03, 82.71, 3.3, 106.52, 0.77, 99.63, 100.56, 0.01, 137.03, 68.16,1
01/02/2013, 54.59, 94.03, -5.97, 83.3, 81.59, 4.0, 107.91, 1.37, 100.86, 101.48, 0.01, 183.07, 72.21,-1
04/02/2013, 53.9, 78.15, -21.85, 83.69, 82.01, 2.81, 105.5, -0.13, 99.76, 99.9, 0.0, 138.42, 63.73,1
05/02/2013, 54.29, 85.75, -14.25, 85.98, 84.32, 2.76, 105.36, 1.24, 100.37, 100.34, -0.0, 140.61, 66.15,1
06/02/2013, 54.52, 73.44, -26.56, 79.11, 82.93, 2.11, 104.03, 1.11, 100.52, 100.66, 0.0, 174.37, 67.52,-1
07/02/2013, 54.36, 69.11, -30.89, 76.1, 80.4, 2.02, 103.86, -0.04, 100.05, 100.28, 0.0, 89.32, 65.53,1
08/02/2013, 54.66, 74.7, -25.3, 72.42, 75.88, 1.93, 103.66, 0.88, 100.58, 100.79, 0.0, 107.18, 67.47,1
11/02/2013, 54.75, 72.43, -27.57, 72.08, 73.53, 0.8, 101.48, 0.82, 100.43, 100.88, 0.0, 95.85, 68.05,1
12/02/2013, 54.95, 73.68, -26.32, 73.6, 72.7, 1.0, 101.85, 0.83, 100.55, 101.07, 0.01, 74.32, 69.36,1
13/02/2013, 54.96, 74.16, -25.84, 73.42, 73.03, 0.58, 101.07, 0.56, 100.41, 100.87, 0.0, 54.53, 69.43,-1
14/02/2013, 54.88, 70.33, -29.67, 72.73, 73.25, 0.52, 100.96, 0.46, 100.07, 100.54, 0.0, 35.11, 68.14,1
15/02/2013, 55.61, 99.55, -0.45, 81.35, 75.83, 1.62, 103.0, 1.01, 101.05, 101.69, 0.01, 42.89, 73.07,1
19/02/2013, 55.73, 91.34, -8.66, 87.07, 80.38, 1.94, 103.61, 0.89, 100.91, 101.57, 0.01, 47.49, 73.79,-1
20/02/2013, 54.6, 46.85, -53.15, 79.25, 82.56, 0.72, 101.34, 0.07, 98.99, 99.45, 0.0, 15.13, 58.08,-1
21/02/2013, 54.17, 29.92, -70.08, 56.04, 74.12, -0.42, 99.23, 0.27, 98.49, 98.73, 0.0, -5.7, 53.42,1
22/02/2013, 54.25, 33.07, -66.93, 36.61, 57.3, 0.35, 100.65, 0.63, 98.87, 98.9, 0.0, -7.97, 54.15,-1
25/02/2013, 53.59, 7.09, -92.91, 23.36, 38.67, -0.7, 98.71, 0.45, 98.39, 97.88, -0.01, -15.49, 47.48,1
26/02/2013, 53.9, 19.29, -80.71, 19.82, 26.6, -0.62, 98.86, 1.02, 99.63, 98.6, -0.01, -20.0, 50.56,1
27/02/2013, 54.48, 42.13, -57.87, 22.83, 22.0, 0.12, 100.22, 0.94, 100.74, 99.75, -0.01, -5.6, 55.79,1
28/02/2013, 54.59, 42.37, -57.63, 34.6, 25.75, -0.07, 99.87, 0.86, 100.79, 100.02, -0.01, 2.9, 56.72,1
01/03/2013, 55.33, 73.73, -26.27, 52.74, 36.72, 0.58, 101.06, 0.73, 101.75, 101.29, -0.0, 10.04, 62.47,1
04/03/2013, 55.8, 93.64, -6.36, 69.92, 52.42, 0.85, 101.55, 0.61, 101.79, 102.12, 0.0, 25.32, 65.6,1
05/03/2013, 56.48, 96.66, -3.34, 88.01, 70.22, 1.52, 102.77, 1.15, 102.07, 103.22, 0.01, 48.7, 69.55,-1
06/03/2013, 56.36, 85.23, -14.77, 91.84, 83.26, 1.48, 102.7, 0.61, 101.16, 102.67, 0.01, 56.11, 68.06,-1
07/03/2013, 56.32, 84.0, -16.0, 88.63, 89.49, 0.71, 101.28, 0.24, 100.47, 102.2, 0.02, 51.85, 67.55,1
08/03/2013, 57.39, 96.94, -3.06, 88.72, 89.73, 1.66, 102.98, 1.2, 101.63, 103.55, 0.02, 94.59, 73.38,1
11/03/2013, 57.66, 97.84, -2.16, 92.93, 90.09, 3.06, 105.6, 0.88, 101.44, 103.28, 0.02, 127.61, 74.62,-1
12/03/2013, 57.11, 84.62, -15.38, 93.13, 91.59, 2.94, 105.43, -0.03, 100.25, 101.71, 0.01, 106.59, 67.7,1
13/03/2013, 57.34, 90.14, -9.86, 90.87, 92.31, 3.09, 105.7, 0.66, 100.31, 101.6, 0.01, 114.31, 69.0,1
14/03/2013, 57.75, 98.35, -1.65, 91.03, 91.68, 4.16, 107.76, 0.87, 100.52, 101.75, 0.01, 141.83, 71.21,-1
15/03/2013, 57.58, 94.31, -5.69, 94.27, 92.06, 3.68, 106.83, 0.07, 100.16, 101.05, 0.01, 136.45, 69.01,-1
18/03/2013, 56.83, 75.06, -24.94, 89.24, 91.51, 2.35, 104.31, -0.89, 99.14, 99.56, 0.0, 84.32, 60.17,-1
19/03/2013, 56.31, 57.1, -42.9, 75.49, 86.33, 1.72, 103.15, 0.17, 98.51, 98.68, 0.0, 39.25, 54.92,1
20/03/2013, 56.94, 75.0, -25.0, 69.06, 77.93, 1.61, 102.91, 1.38, 99.75, 99.68, -0.0, 71.08, 59.53,-1
21/03/2013, 56.31, 46.45, -53.55, 59.52, 68.02, 0.51, 100.91, -0.13, 99.15, 98.58, -0.01, 26.17, 53.62,1
22/03/2013, 56.78, 49.51, -50.49, 56.99, 61.85, 0.3, 100.53, 1.36, 100.26, 99.51, -0.01, 38.92, 57.05,-1
25/03/2013, 56.21, 21.84, -78.16, 39.27, 51.93, -0.15, 99.73, 0.27, 99.47, 98.76, -0.01, 3.79, 52.03,1
26/03/2013, 56.63, 42.23, -57.77, 37.86, 44.71, 0.31, 100.55, 1.3, 100.1, 99.58, -0.01, 4.52, 55.16,-1
27/03/2013, 56.47, 34.47, -65.53, 32.85, 36.66, -0.92, 98.4, -0.25, 99.98, 99.45, -0.01, -9.45, 53.72,1
28/03/2013, 56.8, 50.49, -49.51, 42.39, 37.7, -0.86, 98.51, 1.07, 100.39, 100.2, -0.0, 2.63, 56.25,-1
01/04/2013, 56.69, 45.15, -54.85, 43.37, 39.54, -0.42, 99.26, 0.34, 100.23, 100.16, -0.0, -2.49, 55.17,1
02/04/2013, 57.46, 82.52, -17.48, 59.39, 48.38, 0.12, 100.21, 1.54, 101.14, 101.41, 0.0, 11.68, 60.85,-1
03/04/2013, 57.25, 72.33, -27.67, 66.67, 56.47, -0.5, 99.13, 0.39, 100.56, 100.87, 0.0, 11.41, 58.67,1
04/04/2013, 57.59, 90.59, -9.41, 81.82, 69.29, 0.01, 100.02, 0.87, 100.76, 101.36, 0.01, 14.73, 61.1,1
05/04/2013, 57.7, 97.49, -2.51, 86.8, 78.43, 0.87, 101.53, 0.1, 100.63, 101.3, 0.01, 7.02, 61.89,1
08/04/2013, 58.82, 100.0, -0.0, 96.03, 88.22, 2.51, 104.46, 1.06, 101.83, 102.9, 0.01, 41.9, 68.77,1
09/04/2013, 59.14, 97.03, -2.97, 98.17, 93.67, 2.2, 103.86, 0.58, 101.79, 102.93, 0.01, 63.19, 70.42,1
10/04/2013, 60.11, 99.3, -0.7, 98.78, 97.66, 3.8, 106.75, 1.25, 102.45, 103.99, 0.01, 113.21, 74.76,1
11/04/2013, 60.55, 97.5, -2.5, 97.94, 98.3, 3.77, 106.64, 0.86, 102.17, 104.02, 0.02, 168.75, 76.45,1
12/04/2013, 60.55, 96.3, -3.7, 97.7, 98.14, 4.34, 107.72, 0.39, 101.2, 103.35, 0.02, 204.87, 76.45,-1
15/04/2013, 58.88, 60.97, -39.03, 84.92, 93.52, 2.25, 103.97, 0.07, 98.39, 100.13, 0.02, 141.17, 59.06,1
16/04/2013, 60.75, 100.0, -0.0, 85.76, 89.46, 4.28, 107.58, 1.12, 100.97, 102.73, 0.02, 207.46, 67.87,-1
17/04/2013, 60.68, 98.48, -1.52, 86.48, 85.72, 3.88, 106.83, -0.09, 100.66, 102.02, 0.01, 229.51, 67.29,-1
18/04/2013, 59.99, 83.48, -16.52, 93.99, 88.74, 3.3, 105.82, -0.01, 99.7, 100.46, 0.01, 196.1, 61.66,1
19/04/2013, 61.56, 100.0, -0.0, 93.99, 91.48, 4.1, 107.14, 1.2, 101.97, 102.42, 0.0, 276.65, 68.18,1
22/04/2013, 62.01, 98.43, -1.57, 93.97, 93.98, 4.76, 108.31, 0.57, 101.66, 102.63, 0.01, 332.5, 69.77,1
23/04/2013, 62.59, 99.52, -0.48, 99.32, 95.76, 5.0, 108.68, 0.56, 101.99, 103.0, 0.01, 362.33, 71.73,-1
24/04/2013, 61.94, 85.3, -14.7, 94.42, 95.9, 4.24, 107.35, 0.24, 100.52, 101.62, 0.01, 321.85, 66.53,1
25/04/2013, 62.0, 82.49, -17.51, 89.1, 94.28, 3.18, 105.41, 0.37, 99.97, 101.48, 0.01, 254.55, 66.77,-1
26/04/2013, 61.87, 76.48, -23.52, 81.42, 88.31, 2.73, 104.62, 0.39, 99.66, 101.05, 0.01, 216.52, 65.67,1
29/04/2013, 63.0, 94.33, -5.67, 84.44, 84.99, 2.89, 104.81, 2.09, 101.16, 102.21, 0.01, 277.87, 70.24,-1
30/04/2013, 62.84, 90.7, -9.3, 87.17, 84.34, 2.29, 103.78, 0.12, 100.82, 101.6, 0.01, 227.26, 68.85,1
01/05/2013, 63.21, 93.78, -6.22, 92.94, 88.18, 2.66, 104.39, 0.94, 101.0, 101.79, 0.01, 234.1, 70.32,1
02/05/2013, 63.88, 99.02, -0.98, 94.5, 91.54, 5.0, 108.49, 0.88, 101.46, 102.22, 0.01, 247.61, 72.82,1
03/05/2013, 64.8, 99.13, -0.87, 97.31, 94.92, 4.05, 106.67, 1.0, 101.97, 103.16, 0.01, 289.74, 75.84,1
06/05/2013, 65.06, 90.72, -9.28, 96.29, 96.03, 4.38, 107.22, 0.73, 101.72, 103.08, 0.01, 311.47, 76.63,1
07/05/2013, 66.07, 99.68, -0.32, 96.51, 96.7, 6.08, 110.14, 0.78, 102.27, 104.1, 0.02, 344.73, 79.44,-1
08/05/2013, 65.99, 98.29, -1.71, 96.23, 96.34, 4.43, 107.2, -0.05, 101.27, 103.32, 0.02, 324.56, 78.63,1
09/05/2013, 66.67, 92.62, -7.38, 96.86, 96.53, 4.66, 107.51, 0.7, 101.45, 103.62, 0.02, 423.01, 80.45,1
10/05/2013, 67.2, 96.1, -3.9, 95.67, 96.25, 4.61, 107.37, 0.7, 101.51, 103.59, 0.02, 484.13, 81.75,1
13/05/2013, 67.32, 96.65, -3.35, 95.12, 95.88, 5.38, 108.69, 0.53, 101.01, 103.09, 0.02, 493.58, 82.04,1
14/05/2013, 67.47, 99.16, -0.84, 97.3, 96.03, 5.47, 108.82, 0.33, 100.81, 102.59, 0.02, 476.86, 82.42,1
15/05/2013, 67.67, 98.08, -1.92, 97.96, 96.8, 5.8, 109.37, 0.52, 100.6, 102.2, 0.02, 477.91, 82.93,-1
16/05/2013, 66.47, 73.94, -26.06, 90.39, 95.22, 3.47, 105.51, 0.13, 98.88, 100.0, 0.01, 331.25, 69.71,1
17/05/2013, 66.58, 75.96, -24.04, 82.66, 90.34, 3.74, 105.95, 0.12, 99.22, 99.89, 0.01, 212.77, 70.18,-1
20/05/2013, 66.12, 65.23, -34.77, 71.71, 81.59, 2.91, 104.6, 0.04, 98.89, 99.05, 0.0, 173.59, 65.61,-1
21/05/2013, 65.83, 56.9, -43.1, 66.03, 73.47, 1.95, 103.05, 0.41, 98.94, 98.65, -0.0, 110.64, 62.82,-1
22/05/2013, 65.57, 42.14, -57.86, 54.76, 64.17, 0.77, 101.19, 0.61, 99.18, 98.32, -0.01, 68.55, 60.35,-1
23/05/2013, 65.23, 27.12, -72.88, 42.06, 54.28, 0.17, 100.26, -0.11, 99.03, 98.02, -0.01, -34.41, 57.19,1
24/05/2013, 65.49, 34.25, -65.75, 34.5, 43.77, -0.58, 99.12, 0.26, 99.76, 98.67, -0.01, -29.17, 58.96,1
28/05/2013, 66.69, 67.12, -32.88, 42.83, 39.8, 0.7, 101.06, 1.51, 101.41, 100.57, -0.01, 55.32, 65.97,-1
29/05/2013, 66.26, 55.34, -44.66, 52.24, 43.19, -0.41, 99.39, -0.28, 100.63, 100.1, -0.01, 18.91, 61.89,-1
30/05/2013, 64.65, 11.23, -88.77, 44.57, 46.54, -2.55, 96.21, 0.3, 98.46, 98.12, -0.0, -31.84, 49.54,-1
31/05/2013, 63.08, 0.21, -99.79, 22.26, 39.69, -4.24, 93.7, 0.19, 96.7, 96.23, -0.0, -118.03, 40.96,1
03/06/2013, 63.8, 23.69, -76.31, 11.71, 26.18, -3.67, 94.56, 0.57, 98.31, 97.74, -0.01, -143.6, 45.61,1
04/06/2013, 64.35, 33.96, -66.04, 19.29, 17.75, -3.32, 95.09, 1.06, 99.88, 98.86, -0.01, -88.69, 48.92,-1
05/06/2013, 63.12, 11.01, -88.99, 22.89, 17.96, -3.35, 94.96, -0.17, 98.93, 97.37, -0.02, -164.97, 42.67,1
06/06/2013, 63.14, 21.7, -78.3, 22.22, 21.46, -3.44, 94.83, 0.16, 99.44, 97.77, -0.02, -220.87, 42.79,1
07/06/2013, 64.85, 55.42, -44.58, 29.38, 24.83, -1.27, 98.08, 1.07, 101.56, 100.48, -0.01, -97.49, 52.56,-1
10/06/2013, 63.83, 35.31, -64.69, 37.48, 29.69, -2.0, 96.96, 0.09, 99.96, 99.15, -0.01, -98.28, 47.36,-1
11/06/2013, 63.8, 34.71, -65.29, 41.81, 36.22, -1.77, 97.3, 0.35, 100.08, 99.55, -0.01, -121.36, 47.22,-1
12/06/2013, 62.99, 18.74, -81.26, 29.59, 36.29, -2.24, 96.57, 0.41, 98.85, 98.79, -0.0, -123.64, 43.29,1
13/06/2013, 64.3, 44.58, -55.42, 32.68, 34.69, -1.19, 98.18, 0.75, 100.54, 100.9, 0.0, -79.94, 50.46,-1
14/06/2013, 63.8, 34.71, -65.29, 32.68, 31.65, -2.89, 95.67, 0.16, 100.09, 100.0, -0.0, -49.82, 47.97,1
17/06/2013, 64.49, 48.32, -51.68, 42.54, 35.96, -1.77, 97.33, 1.51, 100.96, 100.98, 0.0, 2.19, 51.53,1
18/06/2013, 65.29, 64.1, -35.9, 49.05, 41.42, 0.64, 100.99, 1.08, 101.74, 102.08, 0.0, 34.39, 55.35,-1
19/06/2013, 64.33, 65.24, -34.76, 59.22, 50.27, 1.25, 101.98, 0.21, 99.83, 100.39, 0.01, 14.58, 50.24,-1
20/06/2013, 61.98, 4.29, -95.71, 44.54, 50.94, -1.82, 97.15, -0.48, 96.88, 96.9, 0.0, -102.5, 40.4,1
21/06/2013, 62.73, 24.4, -75.6, 31.31, 45.03, -1.62, 97.48, 0.87, 98.38, 98.39, 0.0, -94.7, 44.16,-1
24/06/2013, 62.44, 16.62, -83.38, 15.1, 30.32, -0.68, 98.92, 0.22, 98.56, 98.15, -0.0, -96.91, 43.03,1
25/06/2013, 62.57, 20.11, -79.89, 20.38, 22.26, -0.57, 99.1, 1.1, 99.62, 98.55, -0.01, -61.28, 43.72,1
26/06/2013, 63.21, 37.27, -62.73, 24.66, 20.05, -1.64, 97.47, 1.25, 101.0, 99.52, -0.01, -26.63, 47.14,1
27/06/2013, 63.72, 50.94, -49.06, 36.1, 27.05, -0.11, 99.83, 1.46, 101.25, 100.42, -0.01, 3.88, 49.76,-1
28/06/2013, 63.15, 35.66, -64.34, 41.29, 34.02, -0.65, 98.98, 0.58, 100.21, 99.62, -0.01, -0.37, 46.96,1
01/07/2013, 63.93, 56.57, -43.43, 47.72, 41.7, 0.94, 101.49, 1.37, 100.97, 100.94, -0.0, 21.58, 51.02,-1
02/07/2013, 63.26, 38.61, -61.39, 43.61, 44.21, -1.04, 98.38, 0.2, 99.69, 100.2, 0.01, -4.76, 47.65,1
03/07/2013, 63.61, 47.99, -52.01, 47.72, 46.35, -0.19, 99.7, 0.45, 100.12, 100.87, 0.01, -11.14, 49.53,1
05/07/2013, 63.82, 53.62, -46.38, 46.74, 46.02, -0.67, 98.96, 0.4, 100.42, 100.91, 0.0, -0.86, 50.67,1
08/07/2013, 64.71, 77.48, -22.52, 59.7, 51.39, -0.58, 99.11, 1.54, 101.32, 102.0, 0.01, 34.77, 55.29,1
09/07/2013, 64.94, 83.65, -16.35, 71.58, 59.34, 0.61, 100.95, 0.93, 101.36, 101.96, 0.01, 56.2, 56.43,-1
10/07/2013, 64.91, 83.06, -16.94, 81.4, 70.89, 2.93, 104.73, 0.49, 100.8, 101.54, 0.01, 53.99, 56.23,1
11/07/2013, 66.58, 95.01, -4.99, 87.24, 80.07, 3.85, 106.14, 1.63, 102.44, 103.61, 0.01, 134.33, 63.92,1
12/07/2013, 66.98, 99.61, -0.39, 92.56, 87.07, 4.54, 107.27, 0.39, 102.07, 103.7, 0.02, 165.68, 65.49,-1
15/07/2013, 65.93, 70.58, -29.42, 88.4, 89.4, 3.36, 105.37, 0.26, 100.09, 101.64, 0.02, 158.97, 58.34,-1
16/07/2013, 65.03, 51.36, -48.64, 73.85, 84.94, 1.82, 102.88, 0.15, 98.7, 100.08, 0.01, 84.73, 52.99,1
17/07/2013, 65.36, 58.25, -41.75, 60.06, 74.1, 1.64, 102.57, 0.61, 99.07, 100.27, 0.01, 72.81, 54.63,1
18/07/2013, 65.82, 67.85, -32.15, 59.15, 64.35, 2.67, 104.23, 1.42, 99.99, 100.63, 0.01, 132.27, 56.89,-1
19/07/2013, 65.16, 54.07, -45.93, 60.06, 59.76, 1.23, 101.92, 0.19, 99.54, 99.42, -0.0, 72.11, 52.83,-1
22/07/2013, 64.4, 38.2, -61.8, 53.38, 57.53, 1.14, 101.8, 0.16, 98.84, 98.3, -0.01, 9.22, 48.53,1
23/07/2013, 64.45, 39.25, -60.75, 43.84, 52.42, 0.84, 101.32, 0.84, 99.1, 98.45, -0.01, -7.66, 48.82,1
24/07/2013, 64.64, 36.0, -64.0, 37.82, 45.01, 0.82, 101.28, 1.14, 99.61, 98.79, -0.01, 1.36, 50.0,-1
25/07/2013, 64.55, 12.19, -87.81, 29.15, 36.93, -0.16, 99.75, 0.21, 99.86, 98.95, -0.01, -15.44, 49.42,1
26/07/2013, 64.98, 26.77, -73.23, 24.99, 30.65, 0.04, 100.06, 0.54, 100.58, 99.92, -0.01, -6.92, 52.26,-1
29/07/2013, 64.61, 15.38, -84.62, 18.11, 24.08, -0.3, 99.54, 0.09, 99.94, 99.55, -0.0, -9.8, 49.67,-1
30/07/2013, 64.18, 2.45, -97.55, 14.87, 19.32, -2.4, 96.4, 0.34, 99.36, 99.02, -0.0, -24.88, 46.78,1
31/07/2013, 64.65, 16.87, -83.13, 11.57, 14.85, -2.33, 96.52, 1.27, 100.09, 99.85, -0.0, -11.49, 50.2,1
01/08/2013, 65.36, 38.65, -61.35, 19.33, 15.25, -0.57, 99.14, 1.65, 100.93, 101.02, 0.0, 14.39, 54.9,1
02/08/2013, 66.51, 96.79, -3.21, 50.77, 27.22, 1.48, 102.28, 0.98, 102.23, 102.59, 0.0, 36.48, 61.29,-1
05/08/2013, 66.02, 77.11, -22.89, 70.85, 46.98, 0.66, 101.01, 0.03, 101.03, 101.58, 0.01, 30.93, 57.55,1
06/08/2013, 67.05, 96.41, -3.59, 90.1, 70.57, 1.23, 101.87, 0.96, 101.72, 102.75, 0.01, 60.28, 62.7,-1
07/08/2013, 65.91, 59.15, -40.85, 77.55, 79.5, 0.75, 101.15, -0.34, 99.61, 100.81, 0.01, 1.77, 54.78,-1
08/08/2013, 65.75, 53.92, -46.08, 69.83, 79.16, 1.35, 102.1, 0.44, 99.25, 100.38, 0.01, 17.78, 53.75,-1
09/08/2013, 64.73, 20.59, -79.41, 44.55, 63.98, 0.28, 100.43, 0.0, 98.24, 98.86, 0.01, -10.26, 47.62,-1
12/08/2013, 63.93, 7.45, -92.55, 27.32, 47.23, -0.71, 98.9, -0.39, 97.64, 97.74, 0.0, -44.56, 43.44,1
13/08/2013, 63.98, 15.2, -84.8, 14.41, 28.76, -0.57, 99.12, 0.39, 98.64, 97.85, -0.01, -50.52, 43.77,-1
14/08/2013, 63.96, 14.67, -85.33, 12.44, 18.06, -1.02, 98.43, 0.27, 99.21, 97.92, -0.01, -51.89, 43.66,-1
15/08/2013, 62.38, 3.63, -96.37, 11.17, 12.67, -2.23, 96.55, -0.57, 97.78, 95.94, -0.02, -105.28, 35.94,-1
16/08/2013, 62.17, 8.44, -91.56, 8.91, 10.84, -2.01, 96.87, 0.15, 98.24, 96.26, -0.02, -133.79, 35.05,-1
19/08/2013, 61.83, 2.2, -97.8, 4.76, 8.28, -2.82, 95.64, 0.03, 98.36, 96.35, -0.02, -162.15, 33.61,1
20/08/2013, 61.88, 3.12, -96.88, 4.59, 6.09, -3.48, 94.68, 0.93, 99.1, 97.22, -0.02, -173.26, 34.04,-1
21/08/2013, 61.14, 0.82, -99.18, 2.05, 3.8, -5.37, 91.93, 0.0, 98.8, 96.78, -0.02, -239.64, 30.85,1
22/08/2013, 61.64, 9.06, -90.94, 4.33, 3.66, -4.38, 93.37, 1.03, 99.85, 98.21, -0.02, -237.49, 35.26,1
23/08/2013, 61.73, 10.54, -89.46, 6.81, 4.4, -5.32, 92.07, 0.66, 100.14, 98.82, -0.01, -220.69, 36.06,-1
26/08/2013, 61.35, 4.84, -95.16, 8.15, 6.43, -4.56, 93.08, 0.49, 99.68, 98.62, -0.01, -232.04, 34.16,-1
27/08/2013, 60.69, 2.04, -97.96, 5.81, 6.92, -5.06, 92.3, 0.0, 98.99, 98.08, -0.01, -314.88, 31.09,1
28/08/2013, 60.81, 7.49, -92.51, 4.79, 6.25, -3.92, 93.94, 0.62, 99.29, 98.78, -0.01, -317.57, 32.28,1
29/08/2013, 61.08, 16.67, -83.33, 8.73, 6.44, -2.85, 95.54, 0.73, 99.91, 99.43, -0.0, -259.98, 35.0,-1
30/08/2013, 60.83, 10.91, -89.09, 11.69, 8.4, -3.15, 95.08, 0.26, 99.8, 99.24, -0.01, -237.27, 33.65,1
03/09/2013, 60.93, 13.83, -86.17, 13.8, 11.41, -3.03, 95.26, 0.83, 100.1, 99.55, -0.01, -162.23, 34.74,1
04/09/2013, 61.11, 24.05, -75.95, 16.26, 13.92, -1.27, 97.96, 0.41, 100.26, 99.97, -0.0, -134.87, 36.74,1
05/09/2013, 61.3, 42.58, -57.42, 26.82, 18.96, -0.87, 98.6, 0.77, 100.41, 100.25, -0.0, -74.39, 38.87,1
06/09/2013, 61.39, 49.49, -50.51, 38.71, 27.27, -0.44, 99.29, 0.44, 100.45, 100.44, -0.0, -45.76, 39.9,1
09/09/2013, 61.59, 59.6, -40.4, 50.56, 38.7, -0.29, 99.53, 0.79, 100.53, 100.79, 0.0, -13.42, 42.23,1
10/09/2013, 62.83, 94.53, -5.47, 67.87, 52.38, 1.69, 102.76, 1.33, 101.92, 102.57, 0.01, 36.91, 54.13,1
11/09/2013, 63.94, 100.0, -0.0, 84.71, 67.71, 2.3, 103.73, 1.16, 102.78, 103.83, 0.01, 82.34, 61.73,1
12/09/2013, 65.49, 85.52, -14.48, 93.35, 81.98, 3.76, 106.09, 0.82, 103.87, 105.55, 0.02, 161.18, 69.36,1
13/09/2013, 66.69, 94.86, -5.14, 93.46, 90.51, 5.34, 108.7, 1.01, 104.03, 106.52, 0.02, 290.5, 73.73,1
16/09/2013, 66.94, 90.19, -9.81, 90.19, 92.34, 6.25, 110.3, 1.25, 102.7, 105.88, 0.03, 445.97, 74.54,1
17/09/2013, 66.98, 90.75, -9.25, 91.93, 91.86, 6.17, 110.15, 0.54, 101.47, 104.94, 0.03, 501.78, 74.68,1
18/09/2013, 67.11, 92.43, -7.57, 91.12, 91.08, 6.03, 109.87, 0.34, 100.7, 104.17, 0.03, 545.73, 75.14,-1
19/09/2013, 65.72, 72.93, -27.07, 85.37, 89.47, 4.89, 108.04, -0.55, 98.55, 101.31, 0.03, 412.03, 62.09,-1
20/09/2013, 65.01, 62.97, -37.03, 76.11, 84.2, 4.08, 106.7, 0.13, 97.98, 99.66, 0.02, 309.15, 56.67,-1
23/09/2013, 64.75, 59.33, -40.67, 65.08, 75.52, 3.64, 105.96, 0.59, 98.23, 98.79, 0.01, 247.64, 54.79,-1
24/09/2013, 64.32, 52.56, -47.44, 58.29, 66.49, 3.02, 104.93, 0.47, 98.38, 97.91, -0.0, 166.36, 51.73,1
25/09/2013, 64.45, 54.42, -45.58, 55.44, 59.6, 3.06, 104.98, 0.84, 99.38, 98.03, -0.01, 125.02, 52.59,1
26/09/2013, 65.24, 62.23, -37.77, 56.4, 56.71, 3.65, 105.93, 0.81, 100.75, 99.27, -0.01, 145.29, 57.56,-1
27/09/2013, 65.19, 56.99, -43.01, 57.88, 56.57, 2.36, 103.76, 0.27, 100.62, 99.42, -0.01, 133.94, 57.15,-1
30/09/2013, 64.49, 32.33, -67.67, 50.52, 54.93, 0.55, 100.86, -0.43, 99.62, 98.72, -0.01, 42.39, 51.63,1
01/10/2013, 64.83, 33.49, -66.51, 40.94, 49.78, -0.66, 98.99, 0.85, 99.98, 99.57, -0.0, 39.7, 53.96,1
02/10/2013, 64.88, 19.71, -80.29, 28.51, 39.99, -1.81, 97.29, 0.54, 99.93, 99.99, 0.0, 21.85, 54.3,-1
03/10/2013, 64.02, 4.97, -95.03, 19.39, 29.61, -2.92, 95.64, 0.05, 98.98, 98.92, -0.0, -37.62, 47.64,1
04/10/2013, 65.3, 41.53, -58.47, 22.07, 23.32, -1.68, 97.49, 0.97, 100.92, 100.85, -0.0, -2.98, 56.25,-1
07/10/2013, 64.59, 21.47, -78.53, 22.66, 21.37, -2.52, 96.24, 0.01, 99.79, 99.78, -0.0, -15.15, 51.22,-1
08/10/2013, 64.0, 6.37, -93.63, 23.12, 22.62, -1.72, 97.38, 0.22, 99.14, 98.92, -0.0, -46.68, 47.42,-1
09/10/2013, 63.59, 17.88, -82.12, 15.24, 20.34, -1.42, 97.82, 0.17, 98.9, 98.42, -0.0, -77.36, 44.93,1
10/10/2013, 65.58, 96.5, -3.5, 40.25, 26.2, 0.83, 101.28, 1.51, 101.5, 101.44, -0.0, -0.98, 56.8,1
11/10/2013, 66.21, 89.11, -10.89, 67.83, 41.11, 1.89, 102.94, 0.93, 102.19, 102.26, 0.0, 43.56, 59.75,1
14/10/2013, 66.83, 96.13, -3.87, 93.91, 67.33, 2.38, 103.69, 0.64, 102.43, 102.84, 0.0, 61.74, 62.47,-1
15/10/2013, 66.44, 86.08, -13.92, 90.44, 84.06, 1.2, 101.84, 0.11, 101.08, 101.99, 0.01, 55.73, 59.74,-1
16/10/2013, 66.35, 83.76, -16.24, 88.66, 91.01, 1.16, 101.78, 0.58, 100.1, 101.62, 0.01, 54.52, 59.09,1
17/10/2013, 66.42, 85.57, -14.43, 85.14, 88.08, 1.93, 102.99, 0.39, 99.95, 101.36, 0.01, 51.21, 59.46,1
18/10/2013, 67.15, 97.12, -2.88, 88.82, 87.54, 2.32, 103.58, 0.66, 100.77, 102.18, 0.01, 79.07, 63.16,1
21/10/2013, 67.61, 99.56, -0.44, 94.08, 89.35, 2.73, 104.21, 1.02, 101.22, 102.41, 0.01, 125.48, 65.31,1
22/10/2013, 69.0, 97.84, -2.16, 98.17, 93.69, 4.98, 107.78, 1.1, 102.52, 103.73, 0.01, 216.41, 70.84,-1
23/10/2013, 68.12, 82.3, -17.7, 93.23, 95.16, 2.82, 104.32, 0.17, 100.68, 101.72, 0.01, 210.99, 63.89,1
24/10/2013, 69.05, 97.54, -2.46, 92.56, 94.66, 4.46, 106.91, 0.91, 101.27, 102.57, 0.01, 240.96, 67.52,1
25/10/2013, 69.26, 90.99, -9.01, 90.28, 92.02, 5.26, 108.22, 0.91, 100.95, 102.42, 0.01, 299.51, 68.29,-1
28/10/2013, 69.0, 87.15, -12.85, 91.89, 91.58, 5.41, 108.51, 0.39, 100.17, 101.71, 0.02, 266.99, 66.19,-1
29/10/2013, 68.92, 82.97, -17.03, 87.04, 89.74, 3.34, 105.09, 0.64, 100.07, 101.22, 0.01, 247.36, 65.52,-1
30/10/2013, 68.47, 67.96, -32.04, 79.36, 86.1, 2.26, 103.41, 0.28, 99.32, 100.25, 0.01, 186.29, 61.74,1
31/10/2013, 68.59, 68.7, -31.3, 73.21, 79.87, 1.76, 102.63, 0.87, 99.63, 100.11, 0.0, 180.85, 62.36,1
01/11/2013, 69.01, 78.17, -21.83, 71.61, 74.73, 2.57, 103.87, 0.87, 100.31, 100.45, 0.0, 174.84, 64.54,-1
04/11/2013, 68.81, 72.75, -27.25, 73.21, 72.68, 2.46, 103.71, 0.47, 100.07, 99.98, -0.0, 151.47, 62.68,1
05/11/2013, 68.85, 73.78, -26.22, 74.9, 73.24, 2.43, 103.66, 0.25, 100.15, 100.06, -0.0, 94.9, 62.91,1
06/11/2013, 69.0, 77.58, -22.42, 74.7, 74.27, 1.85, 102.76, 0.77, 100.21, 100.15, -0.0, 94.03, 63.81,-1
07/11/2013, 67.15, 2.16, -97.84, 51.17, 66.92, -0.46, 99.32, 0.15, 97.94, 97.74, -0.0, -10.11, 48.24,1
08/11/2013, 68.58, 59.05, -40.95, 46.26, 57.38, -0.42, 99.39, 0.84, 100.15, 99.92, -0.0, 7.15, 56.98,-1
11/11/2013, 68.34, 51.43, -48.57, 37.54, 44.99, 0.22, 100.32, 0.29, 99.94, 99.66, -0.0, 11.19, 55.29,-1
12/11/2013, 67.77, 33.33, -66.67, 47.94, 43.91, -1.28, 98.15, 0.11, 99.42, 99.0, -0.0, -18.74, 51.4,1
13/11/2013, 68.97, 71.43, -28.57, 52.06, 45.85, -0.29, 99.58, 0.72, 101.19, 100.68, -0.01, 1.44, 58.09,1
14/11/2013, 70.02, 96.21, -3.79, 66.99, 55.66, 1.02, 101.48, 1.03, 101.87, 102.0, 0.0, 38.1, 62.9,-1
15/11/2013, 70.0, 95.07, -4.93, 87.57, 68.87, 1.08, 101.57, 0.24, 101.42, 101.82, 0.0, 35.89, 62.75,-1
18/11/2013, 69.5, 80.58, -19.42, 90.62, 81.73, 1.03, 101.5, 0.12, 100.36, 100.99, 0.01, 23.94, 59.02,-1
19/11/2013, 69.12, 69.57, -30.43, 81.74, 86.64, 0.53, 100.77, 0.32, 99.42, 100.4, 0.01, 13.33, 56.28,1
20/11/2013, 69.23, 72.75, -27.25, 74.3, 82.22, 0.22, 100.32, 0.95, 99.51, 100.53, 0.01, 15.49, 56.9,1
21/11/2013, 69.94, 93.33, -6.67, 78.55, 78.2, 1.13, 101.64, 1.05, 100.55, 101.15, 0.01, 25.69, 60.79,1
22/11/2013, 70.2, 96.4, -3.6, 87.5, 80.12, 1.35, 101.96, 0.74, 100.86, 101.29, 0.0, 39.25, 62.14,-1
25/11/2013, 69.74, 78.24, -21.76, 89.32, 85.12, 0.74, 101.07, 0.39, 100.13, 100.42, 0.0, 35.68, 58.32,1
26/11/2013, 71.18, 89.74, -10.26, 88.13, 88.31, 4.03, 106.0, 1.09, 101.6, 101.99, 0.0, 79.75, 65.47,-1
27/11/2013, 70.77, 81.49, -18.51, 83.16, 86.87, 2.19, 103.19, 0.09, 100.57, 101.14, 0.01, 76.6, 62.2,-1
29/11/2013, 70.54, 73.8, -26.2, 81.68, 84.32, 2.2, 103.22, 0.57, 100.08, 100.74, 0.01, 71.5, 60.38,1
02/12/2013, 70.91, 82.23, -17.77, 79.18, 81.34, 3.14, 104.63, 1.4, 100.4, 101.14, 0.01, 84.97, 62.29,-1
03/12/2013, 69.9, 59.23, -40.77, 71.75, 77.54, 0.93, 101.35, -0.49, 98.92, 99.64, 0.01, 22.2, 54.54,1
04/12/2013, 69.97, 36.06, -63.94, 59.17, 70.03, -0.05, 99.93, 0.5, 99.36, 99.62, 0.0, 19.42, 54.96,1
05/12/2013, 70.23, 44.91, -55.09, 46.73, 59.22, 0.23, 100.33, 1.18, 99.89, 99.85, -0.0, 37.14, 56.56,1
06/12/2013, 71.46, 91.32, -8.68, 57.43, 54.44, 1.96, 102.82, 1.75, 101.37, 101.38, 0.0, 70.64, 63.21,-1
09/12/2013, 71.11, 78.11, -21.89, 71.45, 58.54, 1.99, 102.88, 0.04, 100.82, 100.75, -0.0, 57.55, 60.38,1
10/12/2013, 71.57, 95.4, -4.6, 88.28, 72.38, 2.34, 103.38, 0.72, 100.99, 101.14, 0.0, 60.76, 62.74,-1
11/12/2013, 70.52, 43.71, -56.29, 72.41, 77.38, 0.58, 100.83, 0.33, 99.35, 99.75, 0.0, 34.53, 54.72,-1
12/12/2013, 69.63, 24.92, -75.08, 54.68, 71.79, -0.57, 99.19, -0.41, 98.27, 98.65, 0.0, -32.34, 49.0,-1
13/12/2013, 69.62, 24.62, -75.38, 31.09, 52.72, -0.12, 99.83, 0.59, 98.77, 98.76, -0.0, -24.54, 48.94,1
16/12/2013, 70.51, 51.35, -48.65, 33.63, 39.8, -0.67, 99.06, 1.31, 100.2, 100.08, -0.0, 4.52, 54.45,1
17/12/2013, 70.66, 55.86, -44.14, 43.94, 36.22, -0.11, 99.84, 0.37, 100.67, 100.19, -0.0, 4.38, 55.33,1
18/12/2013, 72.2, 100.0, -0.0, 69.07, 48.88, 1.66, 102.35, 0.75, 102.38, 102.05, -0.0, 39.61, 63.16,1
19/12/2013, 72.97, 97.43, -2.57, 84.43, 65.81, 2.06, 102.91, 0.9, 102.5, 102.74, 0.0, 87.02, 66.34,-1
20/12/2013, 72.4, 75.63, -24.37, 91.02, 81.51, 2.5, 103.58, 0.48, 100.91, 101.8, 0.01, 89.7, 62.07,1
23/12/2013, 73.28, 94.12, -5.88, 89.06, 88.17, 3.31, 104.73, 1.39, 101.35, 102.73, 0.01, 108.77, 65.73,1
24/12/2013, 73.85, 99.8, -0.2, 89.85, 89.98, 3.62, 105.15, 0.95, 101.25, 103.19, 0.02, 146.29, 67.9,1
26/12/2013, 74.62, 98.81, -1.19, 97.58, 92.16, 3.16, 104.42, 1.08, 101.63, 103.68, 0.02, 218.93, 70.6,-1
27/12/2013, 74.35, 92.81, -7.19, 97.14, 94.86, 3.24, 104.56, 0.19, 100.88, 102.63, 0.02, 236.47, 68.43,1
30/12/2013, 76.23, 95.99, -4.01, 95.87, 96.86, 4.66, 106.51, 1.33, 102.37, 104.27, 0.02, 412.18, 74.35,1
31/12/2013, 76.4, 98.19, -1.81, 95.67, 96.23, 5.88, 108.34, 0.39, 101.74, 103.67, 0.02, 489.51, 74.81,-1
02/01/2014, 76.27, 96.51, -3.49, 96.9, 96.15, 6.64, 109.54, 0.17, 100.92, 102.71, 0.02, 488.08, 73.72,-1
03/01/2014, 76.11, 92.05, -7.95, 95.58, 96.05, 6.49, 109.32, 0.62, 100.31, 101.96, 0.02, 474.34, 72.32,-1
06/01/2014, 75.82, 85.45, -14.55, 91.34, 94.61, 5.31, 107.53, 0.54, 99.55, 101.18, 0.02, 421.06, 69.75,1
07/01/2014, 76.34, 92.87, -7.13, 90.12, 92.35, 5.68, 108.04, 1.1, 100.2, 101.34, 0.01, 442.15, 71.69,-1
08/01/2014, 75.22, 75.82, -24.18, 84.71, 88.72, 3.02, 104.18, -0.04, 99.04, 99.6, 0.01, 291.59, 62.38,-1
09/01/2014, 74.9, 59.07, -40.93, 75.92, 83.58, 1.93, 102.64, 0.21, 98.97, 99.04, 0.0, 186.47, 59.98,1
10/01/2014, 75.39, 67.78, -32.22, 67.56, 76.06, 2.99, 104.13, 0.64, 99.81, 99.59, -0.0, 186.7, 62.37,-1
13/01/2014, 73.27, 14.59, -85.41, 47.15, 63.54, -0.01, 99.99, -0.13, 97.66, 96.92, -0.01, -17.68, 48.81,1
14/01/2014, 74.45, 36.94, -63.06, 39.77, 51.49, 0.6, 100.81, 1.02, 99.74, 98.72, -0.01, -8.31, 54.71,-1
15/01/2014, 74.28, 32.45, -67.55, 28.0, 38.3, -0.34, 99.54, 0.76, 99.76, 98.77, -0.01, 12.93, 53.75,-1
16/01/2014, 74.21, 30.61, -69.39, 33.33, 33.7, -0.14, 99.81, 0.18, 99.85, 98.95, -0.01, -35.11, 53.33,-1
17/01/2014, 73.98, 24.54, -75.46, 29.2, 30.18, -2.25, 97.05, 0.44, 99.92, 98.92, -0.01, -41.09, 51.91,1
21/01/2014, 74.2, 30.34, -69.66, 28.5, 30.34, -2.2, 97.12, 0.57, 99.97, 99.43, -0.01, -41.07, 53.2,1
22/01/2014, 75.31, 59.63, -40.37, 38.17, 31.96, -0.96, 98.74, 0.89, 101.23, 101.06, -0.0, 2.56, 59.13,-1
23/01/2014, 74.79, 45.91, -54.09, 45.29, 37.32, -1.32, 98.27, -0.45, 100.39, 100.42, 0.0, -17.44, 55.57,-1
24/01/2014, 72.72, 0.0, -100.0, 35.18, 39.55, -3.1, 95.91, -0.37, 98.01, 97.93, -0.0, -92.15, 44.19,-1
27/01/2014, 72.25, 10.64, -89.36, 18.85, 33.11, -4.09, 94.64, 0.16, 97.83, 97.71, -0.0, -153.31, 42.08,1
28/01/2014, 72.88, 25.44, -74.56, 12.03, 22.02, -2.34, 96.89, 0.99, 99.04, 98.61, -0.0, -134.64, 45.81,-1
29/01/2014, 71.33, 4.78, -95.22, 13.62, 14.83, -3.57, 95.23, -0.57, 97.99, 96.92, -0.01, -213.73, 39.14,1
30/01/2014, 73.22, 47.84, -52.16, 26.02, 17.22, -2.17, 97.12, 1.41, 101.02, 99.63, -0.01, -101.69, 48.92,-1
31/01/2014, 72.61, 34.57, -65.43, 29.06, 22.9, -0.66, 99.1, 0.07, 100.21, 99.02, -0.01, -113.09, 46.33,-1
03/02/2014, 69.99, 2.51, -97.49, 28.31, 27.8, -4.46, 94.01, 0.04, 97.2, 95.97, -0.01, -231.99, 37.22,1
04/02/2014, 71.05, 21.51, -78.49, 19.53, 25.63, -3.23, 95.65, 0.92, 99.18, 97.84, -0.01, -240.41, 42.17,1
05/02/2014, 71.76, 34.23, -65.77, 19.41, 22.42, -2.45, 96.7, 0.6, 100.05, 99.31, -0.01, -166.03, 45.29,1
06/02/2014, 75.56, 82.99, -17.01, 46.24, 28.4, 1.58, 102.14, 2.55, 104.66, 104.46, -0.0, 188.98, 58.24,1
07/02/2014, 75.67, 84.59, -15.41, 67.27, 44.31, 1.47, 101.98, 0.13, 103.93, 104.18, 0.0, 159.39, 58.55,1
10/02/2014, 77.06, 96.65, -3.35, 88.08, 67.2, 1.75, 102.32, 0.94, 103.83, 105.4, 0.01, 278.68, 62.31,1
11/02/2014, 77.79, 98.39, -1.61, 93.21, 82.85, 3.0, 104.01, 1.06, 102.94, 105.69, 0.03, 391.62, 64.15,1
12/02/2014, 77.91, 98.77, -1.23, 97.94, 93.08, 5.19, 107.14, 0.59, 101.45, 104.91, 0.03, 442.1, 64.46,-1
13/02/2014, 77.9, 95.95, -4.05, 97.7, 96.28, 5.65, 107.82, 0.32, 100.82, 104.24, 0.03, 452.02, 64.41,1
14/02/2014, 79.23, 97.51, -2.49, 97.41, 97.68, 6.35, 108.71, 0.92, 101.61, 105.09, 0.03, 624.89, 67.93,1
18/02/2014, 79.58, 95.86, -4.14, 96.44, 97.18, 8.25, 111.57, 1.35, 101.4, 104.23, 0.03, 791.39, 68.81,-1
19/02/2014, 78.87, 88.87, -11.13, 94.08, 95.98, 5.65, 107.72, 0.2, 100.22, 102.25, 0.02, 729.73, 64.93,1
20/02/2014, 79.19, 92.02, -7.98, 92.25, 94.26, 6.58, 109.06, 0.96, 100.3, 101.69, 0.01, 766.48, 65.87,1
21/02/2014, 80.13, 96.98, -3.02, 92.62, 92.98, 10.14, 114.49, 0.76, 100.92, 102.29, 0.01, 880.46, 68.52,1
24/02/2014, 80.73, 92.66, -7.34, 93.89, 92.92, 9.68, 113.62, 1.29, 101.29, 102.4, 0.01, 1074.53, 70.11,-1
25/02/2014, 80.21, 87.7, -12.3, 92.45, 92.98, 8.45, 111.78, 0.47, 100.48, 101.33, 0.01, 918.88, 66.95,-1
26/02/2014, 80.08, 78.37, -21.63, 86.24, 90.86, 4.52, 105.98, 0.54, 100.01, 100.88, 0.01, 764.21, 66.14,1
27/02/2014, 80.48, 84.1, -15.9, 83.39, 87.36, 4.81, 106.36, 0.7, 100.19, 101.05, 0.01, 660.0, 67.44,1
28/02/2014, 80.81, 87.04, -12.96, 83.17, 84.27, 3.75, 104.87, 0.78, 100.43, 101.1, 0.01, 661.19, 68.51,-1
03/03/2014, 79.46, 52.46, -47.54, 74.53, 80.36, 1.67, 102.15, -0.09, 99.07, 99.38, 0.0, 337.83, 59.84,1
04/03/2014, 81.71, 90.74, -9.26, 76.75, 78.15, 3.8, 104.88, 1.66, 101.49, 101.92, 0.0, 492.23, 67.27,1
05/03/2014, 82.68, 91.18, -8.82, 78.13, 76.47, 4.78, 106.14, 1.26, 102.04, 102.65, 0.01, 492.6, 69.86,1
06/03/2014, 83.34, 98.58, -1.42, 93.5, 82.79, 4.11, 105.19, 1.28, 102.13, 102.94, 0.01, 414.1, 71.51,-1
07/03/2014, 82.21, 70.31, -29.69, 86.69, 86.11, 2.63, 103.3, 0.19, 100.4, 101.28, 0.01, 299.19, 64.95,-1
10/03/2014, 81.97, 65.36, -34.64, 78.08, 86.09, 3.1, 103.93, 0.3, 99.5, 100.83, 0.01, 188.72, 63.62,-1
11/03/2014, 81.05, 46.39, -53.61, 60.69, 75.15, 1.86, 102.35, 0.22, 98.54, 99.6, 0.01, 94.35, 58.64,1
12/03/2014, 81.38, 53.2, -46.8, 54.98, 64.58, 1.25, 101.56, 0.25, 99.26, 99.84, 0.01, 39.17, 59.85,-1
13/03/2014, 79.93, 22.5, -77.5, 40.7, 52.12, -0.8, 99.01, 0.26, 98.31, 98.13, -0.0, -4.53, 52.56,1
14/03/2014, 80.07, 25.42, -74.58, 33.7, 43.13, -0.14, 99.83, 0.57, 99.0, 98.39, -0.01, -44.4, 53.15,1
17/03/2014, 81.39, 52.92, -47.08, 33.61, 36.0, 1.31, 101.64, 1.19, 100.78, 99.78, -0.01, 17.35, 58.43,1
18/03/2014, 81.99, 65.42, -34.58, 47.92, 38.41, 1.51, 101.88, 0.89, 101.28, 100.48, -0.01, 54.77, 60.61,-1
19/03/2014, 80.52, 34.79, -65.21, 51.04, 44.19, -0.29, 99.64, 0.14, 99.68, 98.94, -0.01, -3.13, 53.26,1
20/03/2014, 80.81, 40.83, -59.17, 47.01, 48.66, 1.35, 101.7, 0.4, 99.82, 99.6, -0.0, -27.9, 54.43,-1
21/03/2014, 80.35, 19.12, -80.88, 31.58, 43.21, -1.36, 98.34, 0.62, 99.18, 99.26, 0.0, -15.07, 52.19,-1
24/03/2014, 79.49, 2.58, -97.42, 20.84, 33.15, -3.19, 96.14, 0.37, 98.58, 98.5, -0.0, -58.38, 48.2,1
25/03/2014, 79.55, 18.81, -81.19, 13.5, 21.98, -3.79, 95.45, 0.49, 99.26, 98.76, -0.01, -82.24, 48.5,-1
26/03/2014, 78.62, 0.4, -99.6, 7.26, 13.87, -3.59, 95.63, 0.42, 98.57, 97.94, -0.01, -102.8, 44.27,-1
27/03/2014, 78.48, 23.3, -76.7, 14.17, 11.64, -3.49, 95.74, -0.01, 98.97, 97.94, -0.01, -174.1, 43.66,1
28/03/2014, 78.99, 33.86, -66.14, 19.19, 13.54, -2.06, 97.46, 0.85, 99.95, 98.71, -0.01, -129.87, 46.57,1
31/03/2014, 80.07, 55.58, -44.42, 37.58, 23.65, -1.31, 98.39, 1.92, 101.17, 100.23, -0.01, -51.41, 52.22,1
01/04/2014, 81.57, 85.46, -14.54, 58.3, 38.36, 1.64, 102.05, 1.26, 102.54, 102.16, -0.0, 28.45, 58.74,1
02/04/2014, 81.67, 87.45, -12.55, 76.16, 57.35, 1.6, 102.0, 0.6, 101.89, 102.14, 0.0, 60.15, 59.14,1
03/04/2014, 81.69, 87.85, -12.15, 86.92, 73.79, 0.3, 100.37, 0.52, 101.1, 102.05, 0.01, 63.16, 59.22,-1
04/04/2014, 80.43, 56.55, -43.45, 77.28, 80.12, -1.56, 98.1, 0.47, 99.19, 100.47, 0.01, 36.61, 51.88,-1
07/04/2014, 79.13, 33.21, -66.79, 59.21, 74.47, -1.39, 98.27, 0.17, 97.81, 98.89, 0.01, -53.53, 45.6,1
08/04/2014, 79.57, 41.11, -58.89, 43.63, 60.04, -1.24, 98.47, 0.34, 98.85, 99.44, 0.01, -71.36, 47.9,1
09/04/2014, 80.47, 57.27, -42.73, 43.87, 48.9, 0.12, 100.15, 0.76, 100.26, 100.33, 0.0, -11.9, 52.34,-1
10/04/2014, 77.51, 4.13, -95.87, 34.17, 40.55, -1.98, 97.51, 0.13, 97.59, 96.75, -0.01, -95.79, 40.21,-1
11/04/2014, 77.01, 3.31, -96.69, 21.57, 33.2, -2.54, 96.81, 0.39, 97.81, 96.37, -0.01, -195.55, 38.58,1
14/04/2014, 77.62, 13.41, -86.59, 6.95, 20.9, -1.0, 98.73, 0.84, 98.96, 97.43, -0.02, -183.95, 41.68,1
15/04/2014, 77.66, 20.64, -79.36, 12.45, 13.66, -0.82, 98.96, 0.31, 99.5, 97.96, -0.02, -174.2, 41.89,1
16/04/2014, 78.95, 40.37, -59.63, 24.81, 14.74, -0.04, 99.95, 1.67, 101.54, 99.93, -0.02, -62.89, 48.27,1
17/04/2014, 79.99, 56.27, -43.73, 39.09, 25.45, -0.08, 99.9, 0.78, 102.23, 101.47, -0.01, 7.52, 52.77,-1
21/04/2014, 79.11, 42.81, -57.19, 46.48, 36.79, -2.46, 96.98, -0.01, 100.56, 100.52, -0.0, -10.92, 48.89,1
22/04/2014, 79.45, 48.01, -51.99, 49.03, 44.87, -2.22, 97.28, 1.15, 100.53, 100.91, 0.0, 7.8, 50.41,1
23/04/2014, 79.52, 49.08, -50.92, 46.64, 47.38, -2.17, 97.34, 0.51, 100.15, 101.0, 0.01, 5.4, 50.73,1
24/04/2014, 79.59, 50.15, -49.85, 49.08, 48.25, -0.84, 98.96, 0.57, 100.07, 101.21, 0.01, 11.02, 51.08,-1
25/04/2014, 78.23, 41.65, -58.35, 46.96, 47.56, -0.9, 98.86, -0.1, 98.8, 99.39, 0.01, -53.39, 44.56,-1
28/04/2014, 77.78, 31.89, -68.11, 41.23, 45.76, -1.79, 97.75, 0.38, 98.56, 98.72, 0.0, -101.42, 42.63,1
29/04/2014, 78.64, 50.54, -49.46, 41.36, 43.18, -1.83, 97.73, 0.96, 99.86, 99.68, -0.0, -66.48, 47.34,1
30/04/2014, 79.34, 65.73, -34.27, 49.39, 43.99, 1.83, 102.36, 0.66, 100.79, 100.35, -0.0, -11.79, 50.87,1
01/05/2014, 79.56, 83.12, -16.88, 66.46, 52.4, 2.55, 103.31, 0.87, 101.08, 100.55, -0.01, 26.59, 51.97,1
02/05/2014, 80.31, 94.34, -5.66, 81.06, 65.64, 2.69, 103.47, 1.06, 101.5, 101.46, -0.0, 59.75, 55.59,1
05/05/2014, 81.22, 98.2, -1.8, 91.89, 79.8, 3.56, 104.58, 0.66, 101.76, 102.34, 0.01, 91.08, 59.57,-1
06/05/2014, 81.03, 87.37, -12.63, 93.3, 88.75, 2.08, 102.63, 0.49, 100.92, 101.9, 0.01, 116.18, 58.4,-1
07/05/2014, 80.29, 61.33, -38.67, 82.3, 89.16, 0.3, 100.38, 0.61, 99.76, 100.87, 0.01, 109.42, 53.92,1
08/05/2014, 81.6, 84.89, -15.11, 77.86, 84.49, 2.49, 103.15, 0.9, 100.88, 102.26, 0.01, 135.67, 59.79,1
09/05/2014, 81.95, 91.19, -8.81, 79.14, 79.77, 2.5, 103.15, 0.38, 100.9, 102.22, 0.01, 156.91, 61.22,1
12/05/2014, 82.42, 91.42, -8.58, 89.17, 82.06, 2.9, 103.65, 1.15, 101.18, 102.21, 0.01, 206.87, 63.1,-1
13/05/2014, 82.08, 85.81, -14.19, 89.47, 85.92, 2.49, 103.13, 0.33, 100.5, 101.36, 0.01, 178.52, 60.8,-1
14/05/2014, 80.92, 66.67, -33.33, 81.3, 86.65, 2.69, 103.44, 0.06, 98.93, 99.73, 0.01, 87.35, 53.61,-1
15/05/2014, 80.15, 53.96, -46.04, 68.81, 79.86, 2.37, 103.05, -0.06, 98.34, 98.71, 0.0, -5.63, 49.43,1
16/05/2014, 80.39, 50.96, -49.04, 57.2, 69.1, 1.75, 102.23, 0.25, 99.01, 99.0, -0.0, -8.0, 50.72,1
19/05/2014, 81.05, 60.29, -39.71, 55.07, 60.36, 1.71, 102.16, 0.8, 100.16, 99.83, -0.0, 42.33, 54.18,1
20/05/2014, 81.09, 50.4, -49.6, 53.89, 55.38, 1.53, 101.92, 0.57, 100.46, 99.87, -0.01, 55.63, 54.39,1
21/05/2014, 82.19, 79.89, -20.11, 63.53, 57.5, 1.88, 102.34, 1.36, 101.5, 100.99, -0.01, 109.73, 59.82,1
22/05/2014, 82.35, 84.18, -15.82, 71.49, 62.97, 1.13, 101.39, 0.8, 101.15, 101.09, -0.0, 132.15, 60.55,1
23/05/2014, 83.32, 99.04, -0.96, 87.7, 74.24, 2.29, 102.83, 0.86, 101.61, 102.11, 0.0, 151.47, 64.76,1
27/05/2014, 83.74, 94.97, -5.03, 92.73, 83.98, 3.45, 104.3, 1.0, 101.46, 102.46, 0.01, 173.6, 66.43,-1
28/05/2014, 83.6, 92.03, -7.97, 95.35, 91.93, 2.0, 102.45, 0.25, 100.67, 102.1, 0.01, 148.76, 65.32,1
29/05/2014, 84.03, 98.77, -1.23, 95.26, 94.44, 2.08, 102.54, 0.74, 100.75, 102.24, 0.01, 155.18, 67.14,-1
30/05/2014, 84.01, 92.66, -7.34, 94.49, 95.03, 1.59, 101.93, 0.47, 100.32, 101.74, 0.01, 156.26, 66.97,1
02/06/2014, 84.27, 97.12, -2.88, 96.19, 95.31, 2.19, 102.67, 1.0, 100.41, 101.57, 0.01, 164.04, 68.14,-1
03/06/2014, 83.88, 89.64, -10.36, 93.14, 94.6, 2.96, 103.66, -0.08, 99.91, 100.76, 0.01, 134.65, 64.45,1
04/06/2014, 84.24, 96.55, -3.45, 94.43, 94.59, 4.09, 105.1, 0.48, 100.18, 100.81, 0.01, 131.02, 66.26,1
05/06/2014, 84.78, 96.97, -3.03, 94.38, 93.99, 4.39, 105.46, 0.68, 100.65, 101.14, 0.0, 166.23, 68.83,-1
06/06/2014, 84.61, 92.16, -7.84, 95.23, 94.68, 3.56, 104.39, 0.29, 100.3, 100.67, 0.0, 165.28, 67.1,1
09/06/2014, 85.48, 92.88, -7.12, 94.01, 94.54, 4.39, 105.41, 0.94, 101.04, 101.44, 0.0, 215.98, 71.11,-1
10/06/2014, 84.75, 75.0, -25.0, 86.68, 91.97, 2.56, 103.11, -0.11, 99.97, 100.46, 0.0, 183.23, 64.06,-1
11/06/2014, 84.31, 59.42, -40.58, 75.77, 85.49, 1.96, 102.38, 0.09, 99.44, 99.85, 0.0, 125.53, 60.18,-1
12/06/2014, 82.8, 16.62, -83.38, 50.35, 70.93, -0.52, 99.38, -0.07, 98.12, 98.21, 0.0, 1.1, 49.19,1
13/06/2014, 82.8, 24.63, -75.37, 33.56, 53.23, -0.94, 98.88, 0.16, 98.54, 98.35, -0.0, -59.27, 49.19,1
16/06/2014, 83.3, 36.95, -63.05, 26.07, 36.66, -0.3, 99.64, 0.73, 99.65, 99.05, -0.01, -23.14, 52.52,-1
17/06/2014, 83.16, 33.5, -66.5, 31.69, 30.44, -0.87, 98.96, 0.19, 99.86, 98.97, -0.01, -27.28, 51.5,1
18/06/2014, 83.58, 43.84, -56.16, 38.1, 31.95, -0.43, 99.49, 0.63, 100.54, 99.55, -0.01, -14.29, 54.36,1
19/06/2014, 83.77, 48.52, -51.48, 41.95, 37.25, -0.5, 99.41, 0.51, 100.54, 99.9, -0.01, -5.06, 55.64,-1
20/06/2014, 82.82, 25.12, -74.88, 39.16, 39.74, -1.06, 98.74, 0.24, 99.39, 98.98, -0.0, -22.25, 48.37,-1
23/06/2014, 82.76, 23.65, -76.35, 32.43, 37.85, -1.48, 98.24, 0.18, 99.45, 99.23, -0.0, -44.19, 47.94,-1
24/06/2014, 82.68, 21.67, -78.33, 23.48, 31.69, -2.1, 97.52, 0.75, 99.47, 99.38, -0.0, -35.31, 47.34,1
25/06/2014, 83.9, 51.72, -48.28, 32.35, 29.42, -0.71, 99.16, 0.89, 100.86, 100.89, 0.0, -8.01, 56.3,1
26/06/2014, 84.45, 65.27, -34.73, 46.22, 34.02, -1.03, 98.8, 0.86, 101.35, 101.35, 0.0, 22.48, 59.64,1
27/06/2014, 85.3, 97.22, -2.78, 71.41, 49.99, 0.55, 100.65, 0.75, 101.77, 102.07, 0.0, 51.63, 64.19,1
30/06/2014, 85.74, 92.27, -7.73, 84.92, 67.52, 1.43, 101.7, 0.77, 101.57, 102.3, 0.01, 88.3, 66.31,1
01/07/2014, 86.47, 92.11, -7.89, 93.87, 83.4, 3.67, 104.43, 1.02, 101.52, 102.76, 0.01, 139.41, 69.52,-1
02/07/2014, 86.44, 91.52, -8.48, 91.97, 90.25, 3.64, 104.4, 0.47, 100.89, 102.38, 0.01, 155.48, 69.23,1
03/07/2014, 86.84, 97.0, -3.0, 93.54, 93.13, 3.54, 104.25, 1.13, 100.79, 102.48, 0.02, 188.48, 70.99,-1
07/07/2014, 86.59, 91.63, -8.37, 93.38, 92.96, 3.43, 104.12, -0.04, 100.2, 101.73, 0.02, 181.71, 68.36,-1
08/07/2014, 85.86, 75.97, -24.03, 88.2, 91.71, 2.28, 102.73, -0.42, 99.33, 100.51, 0.01, 131.94, 61.25,1
09/07/2014, 87.22, 98.59, -1.41, 88.73, 90.1, 3.45, 104.12, 0.99, 100.73, 101.56, 0.01, 210.54, 67.94,-1
10/07/2014, 86.86, 85.82, -14.18, 86.79, 87.91, 4.04, 104.88, 0.27, 100.21, 100.79, 0.01, 228.37, 64.75,1
11/07/2014, 86.89, 86.39, -13.61, 90.27, 88.6, 4.13, 104.99, 0.51, 100.24, 100.54, 0.0, 214.82, 64.9,-1
14/07/2014, 86.76, 83.43, -16.57, 85.21, 87.43, 4.08, 104.93, 0.72, 100.05, 100.22, 0.0, 199.45, 63.65,-1
15/07/2014, 86.15, 71.54, -28.46, 80.45, 85.31, 2.25, 102.68, -0.1, 99.28, 99.47, 0.0, 93.74, 58.02,-1
16/07/2014, 85.35, 40.93, -59.07, 65.3, 76.99, 0.9, 101.07, 0.59, 98.78, 98.68, -0.0, 67.09, 51.58,-1
17/07/2014, 85.03, 25.71, -74.29, 46.06, 63.94, -0.27, 99.68, 0.64, 98.83, 98.47, -0.0, -3.24, 49.23,1
18/07/2014, 85.81, 34.06, -65.94, 33.57, 48.31, 0.07, 100.08, 1.17, 99.99, 99.49, -0.01, 11.61, 54.66,-1
21/07/2014, 85.74, 31.52, -68.48, 30.43, 36.69, -0.73, 99.16, 0.38, 100.14, 99.5, -0.01, 7.91, 54.1,1
22/07/2014, 86.21, 48.55, -51.45, 38.04, 34.01, -0.23, 99.73, 0.78, 100.68, 100.01, -0.01, 16.24, 57.26,-1
23/07/2014, 86.04, 42.39, -57.61, 40.82, 36.43, -0.8, 99.08, 0.42, 100.32, 99.95, -0.0, 6.56, 55.77,1
24/07/2014, 86.8, 69.93, -30.07, 53.62, 44.16, 0.21, 100.24, 1.42, 100.79, 100.84, 0.0, 20.44, 60.71,-1
25/07/2014, 86.23, 49.28, -50.72, 53.86, 49.44, 0.37, 100.43, -0.15, 100.03, 100.25, 0.0, 3.32, 55.68,1
28/07/2014, 87.15, 82.61, -17.39, 67.27, 58.25, -0.07, 99.92, 0.7, 100.77, 101.28, 0.01, 11.39, 61.26,-1
29/07/2014, 86.2, 48.19, -51.81, 60.02, 60.39, -0.66, 99.24, 0.13, 99.67, 100.17, 0.0, 5.06, 53.74,1
30/07/2014, 87.21, 84.78, -15.22, 71.86, 66.38, 0.32, 100.37, 0.91, 100.57, 101.12, 0.01, 12.79, 59.44,-1
31/07/2014, 85.88, 36.59, -63.41, 56.52, 62.8, -0.88, 98.99, -0.21, 99.24, 99.48, 0.0, -5.14, 50.6,-1
01/08/2014, 85.38, 18.48, -81.52, 46.62, 58.33, -0.77, 99.11, 0.16, 98.86, 98.95, 0.0, -21.68, 47.72,1
04/08/2014, 87.24, 85.87, -14.13, 46.98, 50.04, 1.89, 102.21, 1.42, 100.99, 100.93, -0.0, 17.79, 57.41,-1
05/08/2014, 86.75, 70.94, -29.06, 58.43, 50.68, 1.72, 102.02, 0.0, 100.3, 100.3, 0.0, 9.25, 54.55,-1
06/08/2014, 86.59, 57.96, -42.04, 71.59, 59.0, 0.78, 100.91, 0.6, 100.26, 100.05, -0.0, 12.87, 53.6,-1
07/08/2014, 85.51, 12.45, -87.55, 47.12, 59.05, -0.23, 99.73, 0.24, 99.09, 98.95, -0.0, -11.22, 47.63,1
08/08/2014, 86.85, 68.05, -31.95, 46.15, 54.95, 0.64, 100.74, 1.09, 100.3, 100.43, 0.0, 4.62, 54.42,1
11/08/2014, 87.5, 82.67, -17.33, 54.39, 49.22, 1.46, 101.7, 1.22, 100.99, 101.14, 0.0, 35.01, 57.31,-1
12/08/2014, 87.21, 72.2, -27.8, 74.31, 58.28, 0.41, 100.47, 0.14, 100.55, 100.69, 0.0, 26.3, 55.62,1
13/08/2014, 87.6, 86.28, -13.72, 80.39, 69.69, 1.37, 101.59, 1.4, 100.77, 101.1, 0.0, 41.21, 57.44,1
14/08/2014, 88.61, 91.89, -8.11, 83.46, 79.38, 1.46, 101.68, 1.19, 101.21, 101.94, 0.01, 67.0, 61.81,1
15/08/2014, 89.28, 95.54, -4.46, 91.24, 85.03, 3.08, 103.57, 1.1, 101.41, 102.25, 0.01, 99.91, 64.43,1
18/08/2014, 89.97, 92.25, -7.75, 93.23, 89.31, 2.76, 103.16, 1.38, 101.62, 102.72, 0.01, 159.38, 66.94,1
19/08/2014, 90.09, 94.57, -5.43, 94.12, 92.86, 4.21, 104.9, 0.49, 101.1, 102.47, 0.01, 181.76, 67.37,-1
20/08/2014, 89.84, 89.73, -10.27, 92.18, 93.18, 4.46, 105.22, -0.11, 100.31, 101.81, 0.01, 182.02, 65.45,1
21/08/2014, 90.38, 97.17, -2.83, 93.82, 93.38, 3.14, 103.6, 1.25, 100.52, 101.86, 0.01, 229.2, 67.59,1
22/08/2014, 90.49, 92.77, -7.23, 93.22, 93.08, 3.74, 104.31, 0.67, 100.37, 101.56, 0.01, 254.35, 68.03,-1
25/08/2014, 90.38, 87.14, -12.86, 92.36, 93.14, 3.79, 104.38, 0.77, 100.16, 101.11, 0.01, 268.85, 67.06,-1
26/08/2014, 90.02, 81.05, -18.95, 86.99, 90.86, 4.51, 105.27, 0.4, 99.78, 100.39, 0.01, 218.57, 63.85,1
27/08/2014, 90.37, 86.05, -13.95, 84.75, 88.03, 3.52, 104.05, 0.91, 100.05, 100.47, 0.0, 210.67, 65.58,-1
28/08/2014, 90.23, 79.13, -20.87, 82.08, 84.6, 2.73, 103.12, 0.23, 99.92, 100.14, 0.0, 183.07, 64.26,-1
29/08/2014, 89.88, 71.1, -28.9, 78.76, 81.86, 2.67, 103.06, 0.14, 99.67, 99.68, 0.0, 113.48, 60.96,1
02/09/2014, 90.8, 90.86, -9.14, 80.36, 80.4, 3.2, 103.65, 1.35, 100.6, 100.61, 0.0, 167.47, 65.91,1
03/09/2014, 90.94, 93.43, -6.57, 85.13, 81.42, 2.33, 102.63, 0.73, 100.55, 100.67, 0.0, 166.64, 66.61,-1
04/09/2014, 90.14, 57.77, -42.23, 80.69, 82.06, 0.86, 100.96, 0.22, 99.71, 99.75, 0.0, 97.71, 59.18,1
05/09/2014, 90.94, 86.1, -13.9, 79.1, 81.64, 0.97, 101.08, 0.95, 100.44, 100.58, 0.0, 80.75, 63.56,-1
08/09/2014, 90.56, 65.78, -34.22, 69.88, 76.56, 0.47, 100.52, -0.15, 99.87, 100.15, 0.0, 45.23, 60.25,-1
09/09/2014, 89.6, 14.44, -85.56, 55.44, 68.14, -0.24, 99.73, -0.02, 99.08, 99.17, 0.0, 0.84, 52.79,-1
10/09/2014, 89.52, 31.43, -68.57, 37.21, 54.18, -0.86, 99.05, 0.21, 99.3, 99.14, -0.0, -22.79, 52.21,1
11/09/2014, 89.97, 49.8, -50.2, 31.89, 41.51, -0.52, 99.43, 0.53, 99.84, 99.68, -0.0, -11.43, 55.19,-1
12/09/2014, 89.67, 37.55, -62.45, 39.59, 36.23, -0.71, 99.21, 0.24, 99.78, 99.41, -0.0, -10.81, 52.82,1
15/09/2014, 90.08, 54.29, -45.71, 47.21, 39.56, 0.06, 100.07, 0.86, 100.35, 99.84, -0.01, -3.89, 55.63,1
16/09/2014, 90.27, 62.04, -37.96, 51.29, 46.03, -0.1, 99.89, 0.36, 100.41, 100.11, -0.0, -2.85, 56.91,1
17/09/2014, 90.33, 64.49, -35.51, 60.27, 52.93, 0.1, 100.11, 0.63, 100.3, 100.25, -0.0, 3.29, 57.32,1
18/09/2014, 90.34, 64.9, -35.1, 63.81, 58.46, 0.46, 100.51, 0.29, 100.22, 100.24, 0.0, 0.55, 57.4,1
19/09/2014, 90.49, 71.02, -28.98, 66.8, 63.63, -0.31, 99.66, 1.07, 100.21, 100.45, 0.0, 9.21, 58.56,-1
22/09/2014, 89.29, 22.04, -77.96, 52.65, 61.09, -1.65, 98.19, 0.08, 99.05, 99.26, 0.0, -11.26, 47.41,-1
23/09/2014, 88.31, 2.69, -97.31, 31.92, 50.46, -1.83, 97.97, -0.05, 98.39, 98.31, -0.0, -40.69, 40.61,1
24/09/2014, 89.45, 41.78, -58.22, 22.17, 35.58, -1.49, 98.36, 0.95, 99.86, 99.59, -0.0, -28.05, 49.66,-1
25/09/2014, 88.07, 0.32, -99.68, 14.93, 23.01, -2.49, 97.25, 0.1, 98.82, 98.26, -0.01, -47.73, 41.43,1
26/09/2014, 88.74, 25.62, -74.38, 22.57, 19.89, -0.86, 99.04, 0.84, 99.96, 99.11, -0.01, -52.4, 46.1,1
29/09/2014, 88.83, 38.79, -61.21, 21.58, 19.69, -0.69, 99.23, 0.18, 100.17, 99.35, -0.01, -60.85, 46.71,1
