Dates, Close, Stochastic K, William's R, Stochastic %D, Slow Stochastic %D, Momentum, ROC, A/D Oscillator, 5 Day Disparity, 10 Day Disparity, Price Oscillator, CCI, RSI, Class
02/01/2013, 196.35, 0, 0, 0, 0, 0, 0, 0, 0, 0, 0, 0, 0,0, 
03/01/2013, 195.27, 0, 0, 0, 0, 0, 0, 0, 0, 0, 0, 0, 0,0, 
04/01/2013, 193.99, 0, 0, 0, 0, 0, 0, -0.482142857143, 0, 0, 0, 0, 0,0, 
07/01/2013, 193.14, 0, 0, 0, 0, 0, 0, -0.145833333333, 0, 0, 0, 0, 0,0, 
08/01/2013, 192.87, 0, 0, 0, 0, 0, 0, 0.0941176470588, 0, 0, 0, 0, 0,0, 
09/01/2013, 192.32, 0, 0, 0, 0, 0, 0, 0.336956521739, 98.9687326321, 0, 0, 0, 0,0, 
10/01/2013, 192.88, 0, 0, 0, 0, 0, 0, 0.380952380952, 99.6703149061, 0, 0, 0, 0,1, 
11/01/2013, 194.45, 0, 0, 0, 0, 0, 0, 1.00952380952, 100.730418566, 0, 0, 0, 0,1, 
14/01/2013, 192.62, 0, 0, 0, 0, 0, 0, -0.764705882353, 99.7348963403, 0, 0, 0, 0,0, 
15/01/2013, 192.5, 0, 0, 0, 0, 0, 0, 0.0470085470085, 99.7264645544, 0, 0, 0, 0,0, 
16/01/2013, 192.59, 0, 0, 0, 0, 0, 0, 0.371584699454, 99.8113540015, 99.4582702865, -0.00355006892835, 0, 0,1, 
17/01/2013, 193.65, 0, 0, 0, 0, 0, 0, 1.53278688525, 100.332628699, 100.200245262, -0.00132118875901, 0, 0,1, 
18/01/2013, 194.47, 0, 0, 0, 0, 0, 0, 1.125, 100.677151821, 100.708955417, 0.00031579710295, 0, 0,1, 
22/01/2013, 196.08, 0, 0, 0, 0, 0, 0, 0.777777777778, 101.508547053, 101.517481323, 8.80072062372e-05, 0, 0,1, 
23/01/2013, 204.72, -19031.701808, 19043.262796, 0, 0, 8.37, 104.262796028, 2.39463601533, 105.603070289, 105.82962423, 0.00214074219274, 0, -2114.81481481,1, 
24/01/2013, 204.42, -19032.2735641, 19037.0055614, 0, 0, 9.15, 104.685819634, 0.171717171717, 104.135464743, 105.031136322, 0.00852767674298, 0, -1798.78345499,0, 
25/01/2013, 204.97, -19032.0098763, 19037.2692492, 0, 0, 10.98, 105.660085571, 0.72380952381, 103.172126362, 104.663037817, 0.0142448708398, 0, -1837.64570992,1, 
28/01/2013, 204.93, -19032.0290536, 19037.2500719, -19031.9950828, 0, 11.79, 106.104380242, 0.647668393782, 101.989727868, 104.000568392, 0.0193348993689, 0, -1837.42375472,0, 
29/01/2013, 203.9, -19032.5228689, 19036.7562566, -19032.1041647, 0, 11.03, 105.718878001, 0.382775119617, 100.431476082, 102.930412176, 0.0242779178816, 0, -1836.98426675,0, 
30/01/2013, 203.52, -19032.7050532, 19036.5740723, -19032.1872663, 0, 11.2, 105.823627288, 0.579881656805, 99.4779752478, 102.156879477, 0.0262234344145, 0, -1836.97179734,0, 
31/01/2013, 203.07, -19032.9207978, 19036.3583277, -19032.4189919, -19032.0955046, 10.19, 105.283077561, 0.629139072848, 99.3745962769, 101.370273306, 0.0196870045217, 222454.894444, -1836.97066147,0, 
01/02/2013, 205.18, -19031.9091955, 19037.36993, -19032.71624, -19032.2368076, 10.73, 105.518128053, 1.50993377483, 100.539989612, 101.890521569, 0.0132547359343, 235902.151889, -1836.97107116,1, 
04/02/2013, 203.79, -19032.5756065, 19036.703519, -19032.5116822, -19032.4408327, 11.17, 105.798982452, -0.110344827586, 99.8383303939, 100.624117397, 0.00780913188321, 218594.711185, -1836.9710504,0, 
05/02/2013, 202.79, -19033.0550388, 19036.2240867, -19032.4685333, -19032.5489714, 10.29, 105.345454545, 0.428571428571, 99.4595177839, 99.6716767097, 0.00212857787456, 199750.705, -1836.97104925,0, 
06/02/2013, 201.02, -19130.3638892, 19131.3754914, -19032.5132803, -19032.5654851, 8.43, 104.377174308, -0.867052023121, 98.6988756322, 98.4769435014, -0.00225364560318, 153407.746407, -1836.97104909,0, 
07/02/2013, 199.74, -19320.8836897, 19319.761818, -19065.3315115, -19032.4978319, 6.09, 103.144848954, -0.0493273542601, 98.3117586258, 98.0275717882, -0.0028990500566, 136065.667926, -1836.97104908,0, 
08/02/2013, 201.68, -19376.2220731, 19376.6919168, -19161.4342059, -19043.437775, 7.21, 103.707512727, 0.97510373444, 99.5930944574, 99.2075399304, -0.00388634298582, 150453.495, -1836.97104909,1, 
11/02/2013, 200.16, -19398.051491, 19396.9631796, -19275.8232173, -19086.4263326, 4.08, 102.080783354, 0.122727272727, 99.1853481596, 98.6194460047, -0.00573824106559, 138265.074889, -1836.97104909,0, 
12/02/2013, 200.04, -19867.347972, 19863.9056477, -19365.0524179, -19167.5296449, -4.68, 97.713950762, 0.337209302326, 99.4837824128, 98.7925031484, -0.00699728463581, 123261.121481, -1836.97104909,0, 
13/02/2013, 200.09, -19867.3162642, 19865.0274464, -19547.2071787, -19267.4366137, -4.33, 97.8818119558, 0.659420289855, 99.7815766377, 99.0059327359, -0.00783431740206, 121652.443259, -1836.97104909,1, 
14/02/2013, 199.65, -19867.5296286, 19864.814082, -19710.9052424, -19396.0276046, -5.32, 97.4044982193, 0.216981132075, 99.65459065, 98.9561648724, -0.0070579309381, 110034.163593, -1836.97104909,0, 
15/02/2013, 200.98, -19866.8846863, 19865.4590243, -19867.3979549, -19541.0549463, -3.95, 98.0725125653, 1.11888111888, 100.327469499, 99.7845234194, -0.00544118527985, 119141.23537, -1836.97104909,1, 
19/02/2013, 200.32, -19867.2028387, 19865.3703398, -19867.2435263, -19708.5034587, -3.58, 98.2442373713, 0.544910179641, 100.067937498, 99.664666607, -0.00404627742477, 116721.928111, -1836.97104909,0, 
20/02/2013, 199.31, -19867.6932067, 19865.0586803, -19867.2057178, -19815.1822412, -4.21, 97.9314072327, 0.48951048951, 99.5474887122, 99.3336556241, -0.00215267511088, 101330.308259, -1836.97104909,0, 
21/02/2013, 198.33, -19868.1704407, 19864.5814463, -19867.2602439, -19867.2823997, -4.74, 97.6658295169, -0.25, 99.1303043935, 99.0169696304, -0.00114459939021, 84968.249037, -1836.97104909,0, 
22/02/2013, 201.09, -19809.5488191, 19808.9254931, -19867.6888287, -19867.236496, -4.09, 98.0066283263, 1.22666666667, 100.686968626, 100.529920512, -0.00156220270582, 114080.274, -1836.97104909,1, 
25/02/2013, 197.51, -19811.2926544, 19807.3369427, -19848.4708222, -19867.3849301, -6.28, 96.9183963884, 0.281124497992, 98.7520374389, 98.6735942847, -0.000794976150715, 100813.215, -1836.97104909,0, 
26/02/2013, 199.14, -19750.2039072, 19748.2600733, -19829.6706381, -19861.1399649, -3.65, 98.2001084866, 1.16019417476, 99.9137031388, 99.6956164768, -0.0021875250863, 101885.205333, -1836.97104909,1, 
27/02/2013, 202.33, -19748.6196355, 19750.9209838, -19790.3484602, -19848.6100963, 1.31, 100.65167645, 0.869879518072, 101.634551629, 101.344379552, -0.00286322811389, 137118.086519, -1836.97104909,1, 
28/02/2013, 200.83, -19749.3625154, 19750.053021, -19770.0387324, -19822.8299735, 1.09, 100.545709422, 0.339055793991, 100.575921474, 100.477798624, -0.0009765625, 143878.844889, -1836.97104909,0, 
01/03/2013, 202.91, -19748.341473, 19750.8966128, -19749.3953527, -19796.6859436, 1.23, 100.609877033, 0.58938547486, 101.363772605, 101.480877624, 0.00115396143471, 147388.808667, -1836.97104909,1, 
04/03/2013, 205.19, -19747.2189839, 19752.019102, -19748.7745413, -19769.9275151, 5.03, 102.512989608, 0.863636363636, 102.31669858, 102.454125577, 0.00134135152386, 186398.823333, -1836.97104909,1, 
05/03/2013, 206.53, -19746.6040743, 19751.6530533, -19748.3076574, -19756.0695421, 6.49, 103.24435113, 1.24875621891, 102.202098179, 102.906884044, 0.00684877276326, 220496.36, -1836.97104909,1, 
06/03/2013, 208.38, -19745.7664901, 19751.3273953, -19747.388177, -19748.8258505, 8.29, 104.143135589, 1.07103825137, 102.368858016, 103.508397204, 0.0110091472701, 236174.689037, -1836.97104909,1, 
07/03/2013, 209.42, -19745.2874958, 19751.4460646, -19746.5298494, -19748.1567919, 9.77, 104.893563737, 0.897058823529, 102.27183935, 103.558430256, 0.0124238162213, 249886.444889, -1836.97104909,1, 
08/03/2013, 210.38, -19744.8597328, 19751.3721374, -19745.8860201, -19747.4085613, 9.4, 104.677082297, 1.00763358779, 101.885842139, 103.465743386, 0.0152698003739, 260041.15537, -1836.97104909,1, 
11/03/2013, 210.08, -19745.0353042, 19750.6868179, -19745.3045729, -19746.6013488, 9.76, 104.872204473, -0.155172413793, 101.009712472, 102.84830267, 0.0178767189153, 247483.586222, -1836.97104909,0, 
12/03/2013, 210.55, -19744.8122805, 19750.9098415, -19745.0608443, -19745.9068141, 11.24, 105.639456124, 0.396341463415, 100.761875592, 102.447948851, 0.0164578527742, 246388.285963, -1836.97104909,1, 
13/03/2013, 212.06, -19744.0957578, 19751.6263642, -19744.9024392, -19745.4171458, 13.73, 106.922805425, 0.698841698842, 101.095527312, 102.612987516, 0.0147881885184, 258646.170519, -1836.97104909,1, 
14/03/2013, 215.8, -19742.3872669, 19752.6198908, -19744.6477808, -19745.0892855, 14.71, 107.315132528, 1.02425876011, 102.518788777, 103.933382458, 0.0136105806231, 300439.897704, -1836.97104909,1, 
15/03/2013, 214.92, -19742.9345872, 19750.5645326, -19743.7651017, -19744.8703548, 17.41, 108.814743557, 0.0401606425703, 101.485545912, 102.768612825, 0.0124850076024, 292003.212593, -1836.97104909,0, 
18/03/2013, 213.21, -19776.8809634, 19782.7540528, -19743.139204, -19744.4384406, 14.07, 107.065381139, -0.225806451613, 100.248257963, 101.368794899, 0.0110540619328, 261836.743333, -1836.97104909,0, 
19/03/2013, 213.44, -19853.1264474, 19858.8605836, -19754.0676058, -19743.8506955, 11.11, 105.491029506, 0.580547112462, 100.061882349, 101.09267618, 0.0101965233371, 253048.922593, -1836.97104909,1, 
20/03/2013, 215.06, -19928.7281149, 19935.610931, -19790.980666, -19746.9906372, 14.23, 107.085594782, 1.56578947368, 100.54889053, 101.52768336, 0.00964064969189, 268155.924444, -1836.97104909,1, 
21/03/2013, 212.26, -19930.0250116, 19934.3140343, -19852.9118419, -19762.7291586, 9.35, 104.607954265, -0.712802768166, 98.9621700251, 99.8908194191, 0.00929664407001, 206219.923, -1836.97104909,0, 
22/03/2013, 212.08, -20250.5859194, 20253.2306623, -19903.959858, -19799.3200379, 6.89, 103.357863444, 0.587096774194, 99.2057180814, 99.6728954393, 0.00468710531486, 205680.704667, -1836.97104909,0, 
25/03/2013, 210.74, -20566.6609541, 20566.6100046, -20036.4463486, -19849.284122, 4.21, 102.038444778, 0.264492753623, 98.8415177525, 98.9640566153, 0.00123821584353, 180040.96, -1836.97104909,0, 
26/03/2013, 212.36, -20663.3598888, 20664.360352, -20249.0906284, -19931.1060162, 3.98, 101.909972166, 1.76, 99.832640704, 99.6939139579, -0.00139152673048, 185180.76, -1836.97104909,1, 
27/03/2013, 210.89, -20822.7725799, 20821.6794812, -20493.5355875, -20063.1656117, 1.47, 100.701938688, -0.0970873786408, 99.2423529412, 98.9197581534, -0.00326117647059, 161528.29, -1836.97104909,0, 
28/03/2013, 213.3, -20902.0268643, 20902.7957388, -20684.2644743, -20259.6908548, 2.92, 101.387964635, 0.689189189189, 100.771970935, 100.105126809, -0.00666143830374, 171380.490667, -1836.97104909,1, 
01/04/2013, 212.38, -20902.4529875, 20902.3696156, -20796.053111, -20475.63023, 2.3, 101.094821021, 0.0888888888889, 100.238821186, 99.7904391381, -0.00449323654625, 167244.265259, -1836.97104909,0, 
02/04/2013, 214.36, -20906.5590551, 20908.2867068, -20875.7508106, -20657.9510576, 3.81, 101.809546426, 0.742038216561, 101.14469599, 100.841126771, -0.00301037115328, 179080.234667, -1836.97104909,1, 
03/04/2013, 212.66, -20972.647522, 20972.4993052, -20903.6796356, -20785.356132, 0.6, 100.282938791, 0.234513274336, 100.000940477, 99.987305289, -0.000136369193729, 171857.506519, -1836.97104909,0, 
04/04/2013, 211.31, -20973.2728115, 20971.8740157, -20927.2198549, -20858.4945191, -4.49, 97.9193697868, 0.0934256055363, 99.3380908057, 99.3890192795, 0.000512415498453, 138641.862074, -1836.97104909,0, 
05/04/2013, 209.41, -20974.1528485, 20970.9939787, -20950.8264629, -20902.216767, -5.51, 97.4362553508, -0.42, 98.4060300185, 98.6693932169, 0.00266914784635, 94846.395, -1836.97104909,0, 
08/04/2013, 209.32, -20632.6192197, 20630.9882309, -20973.3577273, -20927.2419845, -3.89, 98.1755077154, -0.0452261306533, 98.7246726786, 98.759607264, 0.000353733539599, 97815.9269259, -1836.97104909,0, 
09/04/2013, 209.22, -20632.6655546, 20630.941896, -20860.0149599, -20950.468015, -4.22, 98.0228635682, 0.489208633094, 98.9631619776, 98.8411370368, -0.00123455622197, 107535.652519, -1836.97104909,0, 
10/04/2013, 212.0, -20631.3774442, 20632.2300065, -20746.4792076, -20928.0663834, -3.06, 98.5771412629, 1.61274509804, 100.768119249, 100.226455056, -0.00540440337668, 142988.088889, -1836.97104909,1, 
11/04/2013, 212.92, -20630.9379683, 20633.0832519, -20632.2207395, -20859.9506316, 0.66, 100.310939414, 0.486607142857, 101.268953446, 100.678535121, -0.00586439130187, 152093.961704, -1836.97104909,1, 
12/04/2013, 211.38, -20631.654614, 20632.3666062, -20631.6603224, -20746.2383024, -0.7, 99.6699358733, -0.836257309942, 100.382763304, 99.8545028533, -0.00529030174665, 132987.716296, -1836.97104909,0, 
15/04/2013, 209.26, -20632.6411652, 20631.3800549, -20631.3233421, -20670.1200898, -1.48, 99.2977128215, 0.127572016461, 99.1903985439, 98.9427696032, -0.00250274923211, 123787.248667, -1836.97104909,0, 
16/04/2013, 212.0, -20631.3660943, 20632.6551259, -20631.7445825, -20631.7348013, -0.36, 99.8304765493, 0.978571428571, 100.49488993, 100.386392909, -0.00108079409924, 140776.776296, -1836.97104909,1, 
17/04/2013, 209.67, -20632.45037, 20631.5708502, -20631.8872912, -20631.5760823, -1.22, 99.4214993599, -0.572327044025, 99.1291274254, 99.3941634905, 0.00266651537501, 128075.834889, -1836.97104909,0, 
18/04/2013, 207.15, -20633.623063, 20630.3981572, -20632.1525432, -20631.6517386, -6.15, 97.1167369902, 0.141463414634, 98.1539569573, 98.338942981, 0.00188110648863, 99165.235, -1836.97104909,0, 
19/04/2013, 190.0, -20622.515473, 20603.4173298, -20632.4798424, -20631.9281389, -22.38, 89.4622845842, -1.58011869436, 90.5227450308, 90.3759162453, -0.00162464505555, -117124.496374, -1836.97104909,0, 
22/04/2013, 187.83, -18976.8981339, 18963.4075108, -20629.5296353, -20632.1732256, -26.53, 87.6236238104, 0.372972972973, 91.3498949498, 90.1762909761, -0.0130145513968, -157710.773289, -1836.97104909,0, 
23/04/2013, 191.61, -18766.1711573, 18757.1665503, -20077.67889, -20631.3873403, -21.05, 90.1015705821, 1.19796954315, 95.1721054984, 92.9500395357, -0.0239060249342, -117839.538507, -1836.97104909,1, 
24/04/2013, 191.71, -18766.1087803, 18757.9666807, -19455.1949214, -20446.5627892, -19.6, 90.7245279447, 0.631205673759, 97.1903960416, 93.7998453876, -0.0361466550403, -89805.1061333, -1836.97104909,1, 
25/04/2013, 193.95, -18765.0575813, 18759.0178798, -18836.3926905, -20054.1344822, -15.46, 92.617353517, 1.21403508772, 100.149746979, 95.8473558583, -0.04488794795, -40968.7577963, -1836.97104909,1, 
26/04/2013, 194.31, -18764.8886386, 18759.1868225, -18765.779173, -19456.4221673, -15.01, 92.8291610931, 0.520547945205, 101.72233274, 96.9339905017, -0.0493979687991, -21132.6082815, -1836.97104909,1, 
29/04/2013, 199.15, -18762.6172979, 18761.4581632, -18765.3516667, -19019.1222617, -10.07, 95.1868846191, 1.0675944334, 103.787744551, 100.201762021, -0.0357876194745, 50447.9866889, -1836.97104909,1, 
30/04/2013, 202.54, -18761.0264208, 18763.0490403, -18764.1878393, -18789.1745101, -9.46, 95.5377358491, 0.656488549618, 104.323550318, 102.42846595, -0.0185015400781, 105560.653941, -1836.97104909,1, 
01/05/2013, 199.63, -18762.3920409, 18761.6834202, -18762.8441191, -18765.1062263, -13.29, 93.7582190494, -0.124579124579, 101.679807673, 101.442131794, -0.0023429700711, 104909.327274, -1836.97104909,0, 
02/05/2013, 202.39, -18761.0613208, 18763.4669811, -18762.0119198, -18764.127875, -8.99, 95.7469959315, 1.0447761194, 102.260554983, 103.372014628, 0.0107520362174, 128286.352467, -1836.97104909,1, 
03/05/2013, 204.51, -18760.0613208, 18764.4669811, -18761.4932608, -18763.0146261, -4.75, 97.7300965306, 1.86624203822, 102.457866576, 104.709388056, 0.0215025750987, 176395.728385, -1836.97104909,1, 
06/05/2013, 202.78, -18760.8773585, 18763.6509434, -18761.1715608, -18762.1164332, -9.22, 95.6509433962, -0.210526315789, 100.563369106, 103.057993627, 0.0242060264625, 151800.42877, -1836.97104909,0, 
07/05/2013, 203.63, -18760.4439812, 18764.4659624, -18760.6666667, -18761.5589138, -6.04, 97.1192826823, 0.456730769231, 100.62262193, 102.709600621, 0.0203192172753, 158627.922844, -1836.97104909,1, 
08/05/2013, 204.82, -18759.8478002, 18765.4173603, -18760.4608868, -18761.1104961, -2.33, 98.8752111996, 0.521367521368, 101.10174344, 102.68725559, 0.0154402037633, 178894.064156, -1836.97104909,1, 
09/05/2013, 203.24, -18760.4215858, 18766.9869472, -18760.3897133, -18760.7663714, 13.24, 106.968421053, 0.0789473684211, 99.8104367812, 101.229759278, 0.0140208028444, 177375.343478, -1836.97104909,0, 
10/05/2013, 204.47, -18759.8225209, 18767.5860121, -18760.2377891, -18760.5057556, 16.64, 108.859074695, 0.754385964912, 100.33072288, 101.373326723, 0.0102847945985, 185944.091481, -1836.97104909,1, 
13/05/2013, 202.47, -18854.2495617, 18859.6119229, -18760.0306357, -18760.3627964, 10.86, 105.667762643, 0.0, 99.3532494553, 99.8786479607, 0.00526036861837, 176650.711033, -1836.97104909,0, 
14/05/2013, 203.21, -19103.0970193, 19107.9723359, -18791.4978895, -18760.2193794, 11.5, 105.998643785, 0.754716981132, 99.7467186319, 100.07978409, 0.00332799937171, 180459.406856, -1836.97104909,1, 
15/05/2013, 203.32, -19226.6425093, 19231.0259108, -18905.723034, -18770.5887714, 9.37, 104.831142047, 0.286585365854, 99.8418793766, 100.100928046, 0.00258787479989, 185044.36567, -1836.97104909,1, 
16/05/2013, 204.69, -19319.4282096, 19324.6931619, -19061.3296967, -18819.083853, 10.38, 105.341979311, 1.26254826255, 100.662922564, 100.592675591, -0.000698330890814, 218299.510533, -1836.97104909,1, 
17/05/2013, 208.44, -19458.3249431, 19465.8954935, -19216.3892461, -18919.5168734, 9.29, 104.664825508, 1.06651884701, 102.361122024, 102.319919102, -0.00040268720044, 248901.192504, -1836.97104909,1, 
20/05/2013, 207.6, -19730.1073986, 19734.0930788, -19334.798554, -19061.1473256, 5.06, 102.498271946, 0.410404624277, 101.552640075, 101.711357278, 0.00156046686821, 240162.122074, -1836.97104909,0, 
21/05/2013, 208.65, -19915.4892601, 19919.5942721, -19502.6201838, -19204.1724989, 9.02, 104.518358964, 0.758064516129, 101.556567957, 101.984955203, 0.0042004945194, 233076.247556, -1836.97104909,1, 
22/05/2013, 206.99, -19971.5441527, 19973.8019093, -19701.3072006, -19351.2693279, 4.6, 102.272839567, 0.372208436725, 100.217875472, 100.925930441, 0.00701559020045, 212243.113704, -1836.97104909,0, 
23/05/2013, 206.16, -20149.7920533, 20150.1013562, -19872.3802705, -19512.9086461, 1.65, 100.806806513, 0.465517241379, 99.4625471598, 100.414986265, 0.00948502947789, 186068.724815, -1836.97104909,0, 
24/05/2013, 205.72, -20150.0014276, 20149.8919819, -20012.2751554, -19692.1025516, 2.94, 101.449847125, 0.134328358209, 99.1096893548, 100.058365759, 0.00948123024744, 161267.308889, -1836.97104909,0, 
28/05/2013, 207.78, -20162.0830359, 20163.8722341, -20090.4458779, -19861.9875422, 4.15, 102.038010116, 2.00699300699, 100.365175052, 100.998906307, 0.00627463482495, 189901.834926, -1836.97104909,1, 
29/05/2013, 207.92, -20201.2019986, 20202.9388532, -20153.9588389, -19991.7004346, 3.1, 101.51352407, 0.268907563025, 100.415338549, 100.806764409, 0.00388293248334, 179397.577333, -1836.97104909,1, 
30/05/2013, 209.36, -20200.5167737, 20203.624078, -20171.0954874, -20085.5599574, 6.12, 103.011218264, 0.76368159204, 101.18213364, 101.273660431, 0.000903757116483, 198809.325037, -1836.97104909,1, 
31/05/2013, 208.02, -20201.1657425, 20202.5923503, -20187.9339361, -20138.500068, 3.55, 101.736196019, 0.661616161616, 100.304742801, 100.332318852, 0.000274847146412, 196995.918, -1836.97104909,0, 
03/06/2013, 208.95, -20200.7402585, 20202.5706199, -20200.9615049, -20170.9960875, 6.48, 103.200474144, 0.746323529412, 100.57277628, 100.619269589, 0.000462071621101, 185275.373222, -1836.97104909,1, 
04/06/2013, 206.19, -20202.0422681, 20201.2686102, -20200.8075916, -20186.6636428, 2.98, 101.466463265, 0.0127551020408, 98.9366908822, 99.2658209566, 0.00331564350355, 151495.204259, -1836.97104909,0, 
05/06/2013, 202.74, -20203.6697802, 20199.6410982, -20201.3160897, -20196.5676775, -0.58, 99.7147353925, 0.025706940874, 97.4299334897, 97.6711919605, 0.00247010880012, 106748.884333, -1836.97104909,0, 
06/06/2013, 203.8, -20239.3395603, 20236.1411454, -20202.1507689, -20201.0283954, -0.89, 99.5651961503, 0.534798534799, 98.4293800591, 98.4621925472, 0.000333249618453, 97727.3858519, -1836.97104909,1, 
07/06/2013, 206.35, -20144.697896, 20144.3440891, -20215.0172029, -20201.4248167, -2.09, 98.9973133756, 1.13839285714, 100.199087113, 99.8480625556, -0.00351558706419, 132780.917148, -1836.97104909,1, 
10/06/2013, 205.02, -20145.3253137, 20143.7166714, -20195.9024122, -20206.1613538, -2.58, 98.7572254335, 0.302884615385, 99.7149888622, 99.1953861711, -0.00523817398325, 132071.435556, -1836.97104909,0, 
11/06/2013, 203.98, -20145.815926, 20143.2260591, -20176.4542567, -20204.3567947, -4.67, 97.7618020609, 0.270348837209, 99.5898838004, 98.7256368186, -0.00875402792696, 109127.734815, -1836.97104909,0, 
12/06/2013, 201.2, -20147.1273705, 20141.9146146, -20145.2797119, -20195.7912906, -5.79, 97.2027634185, 0.264830508475, 98.4450381156, 97.559556424, -0.00907631936901, 82638.2528889, -1836.97104909,0, 
13/06/2013, 203.77, -20049.4621191, 20047.1269931, -20146.0895367, -20172.5454603, -2.39, 98.8407062476, 0.788177339901, 99.8529916205, 99.1287257797, -0.00730631646004, 90402.0485926, -1836.97104909,1, 
14/06/2013, 202.2, -20033.1225587, 20029.3863572, -20114.1351385, -20155.9411685, -3.52, 98.2889364184, 0.331058020478, 99.0865610789, 98.6331840665, -0.00459659714599, 93046.3101852, -1836.97104909,0, 
17/06/2013, 203.04, -20032.7262949, 20029.782621, -20076.5706828, -20135.1681291, -4.74, 97.718740976, 1.13358778626, 99.9045435311, 99.3249192838, -0.00583563773778, 105654.693778, -1836.97104909,1, 
18/06/2013, 204.87, -20031.8630059, 20030.64591, -20038.4369909, -20112.2651194, -3.05, 98.5330896499, 0.947204968944, 101.001784675, 100.510722223, -0.00488567230992, 123193.407556, -1836.97104909,1, 
19/06/2013, 201.94, -20033.2452118, 20029.2637041, -20032.5706199, -20076.3809374, -7.42, 96.4558654948, 0.0516129032258, 99.4699925129, 99.1374443414, -0.00335441541553, 102516.208148, -1836.97104909,0, 
20/06/2013, 197.35, -20035.4105104, 20027.0984055, -20032.6115042, -20049.1927645, -10.67, 94.870685511, -0.0542986425339, 97.1382725286, 96.9221626878, -0.00222972573881, 48046.528963, -1836.97104909,0, 
21/06/2013, 195.46, -19728.8664604, 19721.0540348, -20033.5062427, -20034.539705, -13.49, 93.5439100263, 0.234939759036, 96.8198930057, 96.298996906, -0.00540915395284, 14124.416, -1836.97104909,0, 
24/06/2013, 193.54, -19354.0, 19346.6028708, -19932.5073942, -20032.8961223, -12.65, 93.864881905, -0.15406162465, 96.5132746893, 95.8674083504, -0.00673707936888, -13157.8468741, -1836.97104909,0, 
25/06/2013, 194.98, -19132.241376, 19128.2023384, -19706.0923236, -19999.5417137, -7.76, 96.1724376048, 0.840163934426, 98.1614241411, 97.1330360924, -0.0105874179387, 13377.7025926, -1836.97104909,1, 
26/06/2013, 194.86, -19132.2993526, 19128.1443618, -19405.0359454, -19890.7019868, -8.94, 95.6133464181, 0.722543352601, 99.0877378543, 97.510446118, -0.0161756180907, 29878.1031111, -1836.97104909,0, 
27/06/2013, 195.65, -19131.9176732, 19128.5260412, -19206.1802429, -19681.2118877, -10.7, 94.8146353283, 1.26708074534, 100.211024493, 98.2173784268, -0.0202983025845, 48875.6302222, -1836.97104909,1, 
28/06/2013, 191.11, -19134.1111218, 19126.3325925, -19132.1528006, -19439.1028373, -13.91, 93.2152960687, -0.703529411765, 98.0564192552, 96.3309457682, -0.0179119334216, -10371.6338852, -1836.97104909,0, 
01/07/2013, 191.28, -18839.6074045, 18833.8138192, -19132.7760492, -19247.789663, -12.7, 93.7738994019, 1.00373134328, 98.5837095677, 96.9586374696, -0.0167604675614, 18357.3051852, -1836.97104909,1, 
02/07/2013, 191.5, -18839.5006551, 18833.9205687, -19035.2120665, -19157.0363642, -9.7, 95.1789264414, 0.656565656566, 98.9275530024, 97.6522661445, -0.0130594701823, 22550.255963, -1836.97104909,1, 
03/07/2013, 193.25, -18838.6515115, 18834.7697123, -18937.7397271, -19100.0469721, -10.52, 94.8373165824, 0.733153638814, 100.191829117, 99.221120621, -0.00978328494401, 43269.2953333, -1836.97104909,1, 
05/07/2013, 194.93, -18837.8363336, 18835.5848901, -18839.2531904, -19035.2426143, -7.27, 96.4045499505, 0.679715302491, 101.231836641, 100.5322386, -0.00695894224078, 69638.2521481, -1836.97104909,1, 
08/07/2013, 194.98, -18837.8120724, 18835.6091513, -18838.6628334, -18937.4016613, -8.06, 96.0303388495, 0.726495726496, 101.333582795, 100.683686537, -0.006454831769, 90144.811963, -1836.97104909,1, 
09/07/2013, 191.3, -18839.5977, 18833.8235237, -18838.0999725, -18871.8852503, -13.57, 93.3762874018, -1.07920792079, 99.0227136261, 98.8079005, -0.00217404807752, 50572.4065185, -1836.97104909,0, 
10/07/2013, 192.25, -18839.1271034, 18834.7667658, -18838.4153687, -18838.6719987, -9.69, 95.2015450134, 0.986111111111, 99.5124021699, 99.4136019526, -0.000993829972256, 67627.0874074, -1836.97104909,1, 
11/07/2013, 192.8, -18838.8235002, 18836.5875062, -18838.8456253, -18838.3927249, -4.55, 97.6944514821, 1.24, 99.719667739, 99.8389527267, 0.00119477402737, 85397.6379259, -1836.97104909,1, 
12/07/2013, 192.07, -18839.156357, 18837.7509571, -18839.1827679, -18838.4536555, -3.39, 98.2656297964, 0.42654028436, 99.3883633805, 99.5671444493, 0.00179558296939, 82040.7176296, -1836.97104909,0, 
15/07/2013, 194.0, -18838.1609954, 18839.5271712, -18839.0356535, -18838.8145873, 0.46, 100.237676966, 0.878504672897, 100.685073697, 100.75462095, 0.000690263649574, 103051.175, -1836.97104909,1, 
16/07/2013, 193.85, -18838.2371762, 18839.4509904, -18838.7136176, -18839.0213489, -1.13, 99.4204533798, 0.305263157895, 100.709669375, 100.525835425, -0.00182872342636, 111969.135704, -1836.97104909,0, 
17/07/2013, 194.55, -18837.8816658, 18839.8065008, -18838.5181762, -18838.9773463, -0.31, 99.8409114236, 0.559139784946, 100.806242681, 100.754558684, -0.000512969315108, 125157.701926, -1836.97104909,1, 
18/07/2013, 197.99, -18836.1345861, 18841.5535805, -18838.0932792, -18838.7558158, 2.34, 101.196013289, 1.29090909091, 102.344743453, 102.374378225, 0.000289474500398, 188521.33437, -1836.97104909,1, 
19/07/2013, 193.54, -18838.4469991, 18837.3173086, -18837.4178094, -18838.441691, 2.43, 101.27151902, 0.0, 99.5105197129, 99.8287529917, 0.00318779178578, 141644.288889, -1836.97104909,0, 
22/07/2013, 194.09, -19024.0939584, 19022.5910222, -18837.4877503, -18838.0097549, 2.81, 101.469050606, 0.896414342629, 99.6426847925, 100.184274233, 0.00540593266457, 134893.547407, -1836.97104909,1, 
23/07/2013, 194.98, -19023.6510401, 19023.0339405, -18899.5585145, -18837.6662796, 3.48, 101.817232376, 1.00429184549, 100.090347221, 100.689925843, 0.00595470318885, 144898.545111, -1836.97104909,1, 
24/07/2013, 196.61, -19047.9642679, 19048.8451279, -18962.0639992, -18858.1546914, 3.36, 101.738680466, 1.61111111111, 100.810131775, 101.339092427, 0.00521970978824, 164172.309, -1836.97104909,1, 
25/07/2013, 197.22, -19074.7950632, 19076.1487011, -19031.9030888, -18899.7034214, 2.29, 101.174780691, 0.562211981567, 100.909732811, 101.425573932, 0.00508590783967, 167632.558926, -1836.97104909,1, 
26/07/2013, 197.35, -19074.7303673, 19076.213397, -19048.8034571, -18964.5085342, 2.37, 101.215509283, 0.0632911392405, 101.055876449, 101.2622505, 0.00203801564868, 162400.151407, -1836.97104909,1, 
29/07/2013, 196.21, -19075.2977008, 19075.6460635, -19065.8298995, -19014.2568484, 4.91, 102.566649242, -0.0963855421687, 100.081611834, 100.405285081, 0.00322366743178, 154910.402222, -1836.97104909,0, 
30/07/2013, 196.01, -19124.6410869, 19124.5465313, -19074.9410438, -19048.8454818, 3.76, 101.955786736, 0.80198019802, 99.7638364364, 100.189634991, 0.00424992619889, 155464.498333, -1836.97104909,0, 
31/07/2013, 195.04, -19157.2830696, 19156.0638001, -19091.556385, -19063.1914668, 2.24, 101.161825726, 0.371900826446, 99.1661582266, 99.5838758265, 0.00419463087248, 137489.772, -1836.97104909,0, 
01/08/2013, 195.81, -19156.8998706, 19156.4469991, -19119.0739524, -19077.4424427, 3.74, 101.947206748, 1.21022727273, 99.7168552601, 99.9520173146, 0.00235274945765, 144602.290556, -1836.97104909,1, 
02/08/2013, 195.16, -19166.2681397, 19165.1235195, -19146.2746757, -19095.1904604, 1.16, 100.597938144, -0.135964912281, 99.5287733828, 99.7312020277, 0.00202974235532, 122701.300741, -1836.97104909,0, 
05/08/2013, 195.5, -19266.596596, 19265.2927242, -19160.15036, -19118.9683377, 1.65, 100.851173588, 0.470588235294, 99.925375423, 99.8223111801, -0.00103247702483, 131439.98137, -1836.97104909,1, 
06/08/2013, 190.99, -19304.0152284, 19298.0482731, -19196.5882021, -19141.832996, -3.56, 98.1701362118, -1.33482142857, 97.6910958344, 97.449346647, -0.00248076765693, 75618.6358519, -1836.97104909,0, 
07/08/2013, 188.56, -19027.8510003, 19020.8389569, -19245.6266547, -19167.6710793, -9.43, 95.2371331885, -0.563829787234, 96.9460154242, 96.4057467151, -0.00560411311054, 44991.6691852, -1836.97104909,0, 
08/08/2013, 187.93, -18805.0606091, 18799.9189353, -19199.4876082, -19200.7884056, -5.61, 97.1013743929, 0.425324675325, 97.2702428521, 96.4807351695, -0.00818306039212, 39395.8355556, -1836.97104909,0, 
09/08/2013, 187.82, -18678.479351, 18673.9401001, -19045.6422793, -19213.9008217, -6.27, 96.7695399042, 0.569444444444, 98.0128164986, 96.8863486299, -0.0116266933851, 39472.3335556, -1836.97104909,0, 
12/08/2013, 189.09, -18677.8373856, 18674.5820654, -18837.1303201, -19163.5855141, -5.89, 96.9791773515, 0.651685393258, 99.4373159445, 98.0233588902, -0.0144246949937, 49591.5742222, -1836.97104909,1, 
13/08/2013, 188.42, -18678.1760603, 18674.2433908, -18720.4591152, -19027.4200692, -8.19, 95.8343929607, 0.37037037037, 99.7575154332, 98.0378893913, -0.0175404229185, 54695.760037, -1836.97104909,0, 
14/08/2013, 187.53, -18678.6259415, 18673.7935096, -18678.1642656, -18867.7439049, -9.69, 95.0867052023, 0.312883435583, 99.557240237, 97.9616782983, -0.0162876133444, 48698.424, -1836.97104909,0, 
15/08/2013, 185.79, -18679.5054845, 18672.9139665, -18678.2131291, -18745.2512337, -11.56, 94.1423866228, -0.341935483871, 98.7414832215, 97.4349830345, -0.0134089435474, 31838.288, -1836.97104909,0, 
16/08/2013, 185.34, -18545.0556033, 18538.6864985, -18678.7691621, -18692.2788367, -10.87, 94.4600173284, 0.598214285714, 98.7268950088, 97.7124510357, -0.0103819314974, 32710.3084444, -1836.97104909,0, 
19/08/2013, 184.23, -18534.5610878, 18527.1254107, -18634.3956764, -18678.3821856, -11.78, 93.9901025458, 0.460317460317, 98.3955905445, 97.6327127617, -0.00781375177585, 27928.6212593, -1836.97104909,0, 
20/08/2013, 184.56, -18397.7058376, 18391.6045037, -18586.3740585, -18663.7926559, -10.48, 94.6267432322, 0.569105691057, 99.0862333702, 98.3952657674, -0.00702236634418, 28639.4542222, -1836.97104909,1, 
21/08/2013, 184.86, -18316.1428716, 18310.7566567, -18492.4408429, -18633.1796323, -10.95, 94.4078443389, 0.877729257642, 99.660359049, 98.8942207386, -0.0077470483584, 45928.4024074, -1836.97104909,1, 
22/08/2013, 185.19, -18315.9687564, 18311.5425771, -18416.136599, -18571.0701926, -9.97, 94.8913711826, 0.695, 100.126516577, 99.2672480797, -0.00865611280521, 53047.8138889, -1836.97104909,1, 
23/08/2013, 185.42, -18315.8513376, 18311.6599959, -18343.2724885, -18498.3171668, -10.08, 94.8439897698, 0.470085470085, 100.315955766, 99.5367263787, -0.00782856153563, 60220.5494074, -1836.97104909,1, 
26/08/2013, 184.74, -18316.184458, 18312.963846, -18315.9876552, -18417.2833102, -6.25, 96.7275773601, 0.681034482759, 99.9394109883, 99.2996242804, -0.00644299223162, 69981.1494815, -1836.97104909,0, 
27/08/2013, 182.74, -18317.2263277, 18313.1840097, -18316.0015173, -18358.4655809, -5.82, 96.9134493, -0.124352331606, 98.8029455973, 98.4548079824, -0.00353601436033, 48996.2163333, -1836.97104909,0, 
28/08/2013, 182.16, -18257.2158008, 18252.8787305, -18316.4207077, -18325.0872203, -5.77, 96.92970787, 0.308016877637, 98.6835689907, 98.4435797665, -0.00243783520234, 43665.5026667, -1836.97104909,0, 
29/08/2013, 182.64, -18109.189431, 18106.1313753, -18296.8755288, -18316.1366267, -5.18, 97.2420402513, 0.681415929204, 99.2339038305, 98.990260321, -0.00246128769356, 56461.9162963, -1836.97104909,1, 
30/08/2013, 182.27, -18109.3841781, 18105.9366282, -18227.8771865, -18309.765918, -6.82, 96.3932518906, 0.236486486486, 99.3080527405, 98.9586726605, -0.0035305655443, 59577.6792593, -1836.97104909,0, 
03/09/2013, 183.96, -18108.4946576, 18106.8261487, -18158.59647, -18280.391141, -4.46, 97.6329476701, 1.13259668508, 100.574052813, 100.042962568, -0.00530862172653, 84364.7082963, -1836.97104909,1, 
04/09/2013, 183.13, -18108.925528, 18106.9300799, -18109.0227556, -18227.7830618, -4.4, 97.6537087399, 0.122340425532, 100.205741051, 99.6062092748, -0.00601902010353, 84142.246, -1836.97104909,0, 
05/09/2013, 184.15, -18108.368984, 18108.4759358, -18108.9347879, -18165.1654707, -1.64, 99.1172829539, 0.968911917098, 100.720880371, 100.238962283, -0.00480769230769, 98591.7225926, -1836.97104909,1, 
06/09/2013, 183.03, -18108.9679144, 18107.8770053, -18108.5963898, -18125.5180045, -2.31, 98.7536419553, 0.358974358974, 99.8908475686, 99.6678283598, -0.00223762484309, 94515.3671852, -1836.97104909,0, 
09/09/2013, 184.98, -18107.9251337, 18108.9197861, -18108.7541421, -18108.8513111, 0.75, 100.407099821, 1.12844036697, 100.912126039, 100.848307746, -0.000632814716215, 110536.539037, -1836.97104909,1, 
10/09/2013, 186.6, -18107.0588235, 18109.7860963, -18108.4206774, -18108.7617733, 2.04, 101.105331599, 2.0859375, 101.495784607, 101.755916676, 0.00255643187381, 142748.386593, -1836.97104909,1, 
11/09/2013, 190.7, -18104.8840927, 18111.6253664, -18107.9839572, -18108.5904031, 5.84, 103.159147463, 1.05432098765, 103.428825565, 103.886340608, 0.00440399613837, 178567.086519, -1836.97104909,1, 
12/09/2013, 190.73, -18104.9546812, 18109.9266516, -18106.6226833, -18108.3862589, 5.54, 102.99152222, 0.421768707483, 102.602586448, 103.45407405, 0.00823058550126, 193558.495926, -1836.97104909,1, 
13/09/2013, 192.17, -18104.2138825, 18110.4442818, -18105.6325325, -18107.6757726, 6.75, 103.640383993, 1.12857142857, 102.650527755, 103.752854729, 0.0106245459596, 210776.088333, -1836.97104909,1, 
16/09/2013, 193.15, -18103.75971, 18110.0258933, -18104.6842188, -18106.746391, 8.41, 104.552343835, 1.2, 102.176305042, 103.748146875, 0.0151505533338, 226727.636815, -1836.97104909,1, 
17/09/2013, 192.16, -18104.3226734, 18108.6397002, -18104.3094246, -18105.6464782, 9.42, 105.154864835, 0.431034482759, 100.78145487, 102.616682687, 0.017884302722, 209834.84237, -1836.97104909,0, 
18/09/2013, 194.42, -18103.1625687, 18109.7998049, -18104.0987553, -18104.875392, 12.26, 106.730346948, 0.944636678201, 101.375520122, 103.370905997, 0.0193031671377, 219300.274, -1836.97104909,1, 
19/09/2013, 193.39, -18137.868336, 18143.2303351, -18103.7483173, -18104.3641329, 10.75, 105.885895751, 0.281437125749, 100.448770556, 102.209725753, 0.0172288418188, 214676.877778, -1836.97104909,0, 
20/09/2013, 190.02, -18146.6334342, 18148.5011545, -18115.1178593, -18104.0521657, 7.75, 104.251933944, 0.235827664399, 98.4263796372, 99.9405679182, 0.0151508872981, 176675.057, -1836.97104909,0, 
23/09/2013, 190.99, -18226.5462056, 18228.9988712, -18129.2214463, -18107.6549773, 7.03, 103.821482931, 0.775974025974, 99.1496563324, 100.082795338, 0.00932367049442, 164782.905889, -1836.97104909,1, 
24/09/2013, 189.97, -18227.0695777, 18228.475499, -18170.3493253, -18116.0292077, 6.84, 103.735051603, 0.3, 98.8418073217, 99.2357639487, 0.00396990572124, 154373.617333, -1836.97104909,0, 
25/09/2013, 189.47, -18261.5005901, 18262.218944, -18200.0830725, -18138.2295436, 5.32, 102.888949226, 0.306603773585, 98.8068294413, 98.8006466079, -6.25788754576e-05, 138217.911333, -1836.97104909,0, 
26/09/2013, 190.22, -18261.1157576, 18262.6037765, -18238.3721244, -18166.5512814, 7.19, 103.928317762, 0.995652173913, 99.7127400822, 99.2554018586, -0.00460769101736, 146347.900444, -1836.97104909,1, 
27/09/2013, 186.92, -18329.147673, 18326.9105136, -18249.8953085, -18202.9348407, 1.94, 101.048762028, -0.5140562249, 98.3096132201, 97.5594480052, -0.00768931385234, 101053.354889, -1836.97104909,0, 
30/09/2013, 185.18, -18637.6106009, 18632.0177023, -18283.9213402, -18229.4501685, -1.42, 99.2390139335, -0.075, 97.7130977131, 96.9168528976, -0.00821575187057, 71835.8284444, -1836.97104909,0, 
01/10/2013, 186.38, -18432.9532557, 18429.6334342, -18409.2913438, -18257.3962577, -4.32, 97.7346617724, 0.735, 98.953024125, 97.9534776165, -0.010204298335, 76755.3573333, -1836.97104909,1, 
02/10/2013, 184.96, -18433.6818718, 18428.9048181, -18466.5705099, -18314.3693308, -5.77, 96.9747811042, -0.0368421052632, 98.5748851487, 97.5033738192, -0.0109894795186, 66591.0447407, -1836.97104909,0, 
03/10/2013, 183.86, -18434.2462928, 18428.3403971, -18501.4152428, -18386.594398, -8.31, 95.6757038039, 0.0, 98.461966883, 97.4092715232, -0.0108069318596, 49643.3622222, -1836.97104909,0, 
04/10/2013, 184.1, -18299.435579, 18294.4635435, -18433.6271401, -18459.0923655, -9.05, 95.3145223919, 0.81935483871, 99.2666882347, 98.0313849529, -0.0126010999676, 53550.9094444, -1836.97104909,1, 
07/10/2013, 182.01, -18300.5079789, 18293.3911437, -18389.1212479, -18467.2042976, -10.15, 94.7179433805, -0.541095890411, 98.4391225337, 97.2249672819, -0.0124881014192, 30341.5897778, -1836.97104909,0, 
08/10/2013, 178.72, -18186.6060342, 18176.703012, -18344.7299502, -18441.3878769, -15.7, 91.924699105, -0.0060975609756, 96.9923261443, 95.9276892441, -0.0110983273817, 1632.24496296, -1836.97104909,0, 
09/10/2013, 181.32, -17869.660783, 17864.0370979, -18262.1831974, -18389.1594461, -12.07, 93.7587258907, 1.14785992218, 99.2283697258, 97.9144841291, -0.0134187051935, 18178.0846667, -1836.97104909,1, 
10/10/2013, 184.77, -17867.883197, 17866.0316309, -18118.924932, -18332.0114652, -5.25, 97.2371329334, 1.43153526971, 101.520862408, 100.218585756, -0.0129943626993, 64705.1648148, -1836.97104909,1, 
11/10/2013, 186.16, -17867.1280599, 17867.7517281, -17974.7166714, -18241.9460265, -4.83, 97.4710717839, 0.691943127962, 102.182408993, 101.271882582, -0.0089909102885, 89272.4485926, -1836.97104909,1, 
14/10/2013, 186.97, -17866.6925323, 17868.5020859, -17868.2240133, -18118.6082669, -3.0, 98.4208032847, 0.322957198444, 102.395452255, 101.754596018, -0.00629805691253, 102282.807556, -1836.97104909,1, 
15/10/2013, 184.66, -17867.8971631, 17867.2974552, -17867.2345964, -17987.2885389, -4.81, 97.461339526, -0.598837209302, 100.58391616, 100.39961941, -0.00183563195852, 91060.3462222, -1836.97104909,0, 
16/10/2013, 186.73, -17866.8176888, 17868.3769295, -17867.2392518, -17903.3917604, -3.49, 98.1652823047, 1.18965517241, 101.057496645, 101.620109604, 0.00553643330303, 112151.238333, -1836.97104909,1, 
17/10/2013, 174.83, -17873.053562, 17863.5320207, -17867.1357947, -17867.5659538, -12.09, 93.5319922962, -2.19638826185, 94.0664378181, 95.0524656119, 0.01037351096, -22971.3629037, -1836.97104909,0, 
18/10/2013, 173.78, -17256.3529066, 17249.9354511, -17869.256138, -17867.2032143, -11.4, 93.8438276272, 0.0971428571428, 94.5124272584, 94.9477399509, 0.00458476097243, -22605.812963, -1836.97104909,0, 
21/10/2013, 172.86, -17256.8449115, 17249.4434462, -17665.4080524, -17867.8770615, -13.52, 92.74600279, 0.457547169811, 95.2953239909, 94.980631336, -0.00331322976504, -19549.4806481, -1836.97104909,0, 
22/10/2013, 174.97, -17255.7165089, 17250.5718488, -17462.0837933, -17800.599995, -9.99, 94.5988321799, 1.03435114504, 97.9828864548, 96.625800751, -0.0140447550568, 3489.78888889, -1836.97104909,1, 
23/10/2013, 175.77, -17255.2886785, 17250.9996791, -17256.3047757, -17665.5826612, -8.09, 95.5999129773, 0.641509433962, 99.5108529502, 97.2690296339, -0.0230476578688, 22672.9003704, -1836.97104909,1, 
24/10/2013, 177.8, -17254.203059, 17252.0852987, -17255.950033, -17461.2655405, -6.3, 96.5779467681, 1.29268292683, 101.924995127, 98.6955315015, -0.0327214776258, 54608.5663704, -1836.97104909,1, 
25/10/2013, 176.85, -17254.7111075, 17251.5772501, -17255.0694155, -17324.779534, -5.16, 97.1649909346, 0.457746478873, 101.036358235, 98.5494809226, -0.0252348088393, 61687.0812963, -1836.97104909,0, 
28/10/2013, 177.35, -17254.4437136, 17251.8446441, -17254.7342817, -17255.7747414, -1.37, 99.2334377798, 0.615384615385, 100.96783376, 99.3434982803, -0.0163506974096, 63300.4088889, -1836.97104909,1, 
29/10/2013, 182.12, -17251.892775, 17254.3955827, -17254.4526267, -17255.2512434, 0.8, 100.441208912, 1.03112033195, 103.156082199, 102.568145979, -0.00573215216258, 111968.81837, -1836.97104909,1, 
30/10/2013, 180.15, -17252.9463073, 17253.3420504, -17253.682532, -17254.752108, -4.62, 97.4995940899, 0.0258620689655, 101.220375552, 101.604006633, 0.00377574756431, 115783.670444, -1836.97104909,0, 
31/10/2013, 179.21, -17253.449008, 17252.8393497, -17253.0942653, -17254.2898135, -6.95, 96.2666523421, 0.577946768061, 100.199045031, 101.450341923, 0.0123340825478, 108145.976, -1836.97104909,0, 
01/11/2013, 179.23, -17253.4383122, 17252.8500455, -17252.7626968, -17253.7431413, -7.74, 95.8602984436, 0.77397260274, 100.052474098, 101.21071118, 0.0114438192212, 104559.012963, -1836.97104909,1, 
04/11/2013, 180.27, -17252.8763991, 17253.5404595, -17253.2778758, -17253.1798314, -4.39, 97.6226578577, 1.07534246575, 100.366345233, 101.485664101, 0.0110293298889, 114530.892667, -1836.97104909,1, 
05/11/2013, 177.85, -17254.1723879, 17252.2444706, -17253.2545731, -17253.044946, -8.88, 95.244470626, -0.224880382775, 98.6980843082, 99.707353172, 0.0101223112611, 93237.901037, -1836.97104909,0, 
06/11/2013, 179.19, -17253.3690215, 17255.2832383, -17253.4956997, -17253.0983819, 4.36, 102.49385117, 0.964467005076, 99.9152457316, 100.29665286, 0.00380279019973, 100219.538963, -1836.97104909,1, 
07/11/2013, 180.0, -17258.9576569, 17261.7275121, -17253.4726028, -17253.3427162, 6.22, 103.579238117, 1.22905027933, 100.474462741, 100.55753567, 0.000826123360313, 121169.738, -1836.97104909,1, 
08/11/2013, 179.99, -17258.9631417, 17261.7220272, -17255.4996888, -17253.4076252, 7.13, 104.124725211, 0.029304029304, 100.380351128, 100.42851882, 0.000479621656591, 109247.533778, -1836.97104909,0, 
11/11/2013, 182.88, -17289.5535323, 17295.3071523, -17257.0966067, -17254.1559971, 7.91, 104.52077499, 1.01492537313, 101.905717151, 101.862579093, -0.000423492700323, 151271.21563, -1836.97104909,1, 
12/11/2013, 183.07, -17435.2723704, 17439.8255085, -17269.1581103, -17255.3562994, 7.3, 104.153154691, 0.653631284916, 101.715727128, 101.655292661, -0.000594503894834, 166346.159778, -1836.97104909,1, 
13/11/2013, 183.55, -17616.00652, 17619.7283347, -17327.9296814, -17260.5848019, 5.75, 103.233970754, 0.244897959184, 101.394274856, 101.868090396, 0.00465126556406, 165176.011852, -1836.97104909,1, 
14/11/2013, 182.21, -17616.734583, 17619.0002717, -17446.9441409, -17284.7281328, 5.36, 103.030817077, -0.0988700564972, 100.171524701, 100.933947841, 0.00755368393275, 144566.695444, -1836.97104909,0, 
15/11/2013, 183.19, -17616.202119, 17619.5327357, -17556.0044911, -17348.0106442, 5.84, 103.292923597, 0.504716981132, 100.466162115, 101.30845463, 0.00831413842273, 150957.251889, -1836.97104909,1, 
18/11/2013, 184.47, -17731.131486, 17735.2281989, -17616.3144073, -17443.6261045, 2.35, 101.290358006, 1.04651162791, 100.814296644, 101.793400287, 0.00961853754509, 167636.867556, -1836.97104909,1, 
19/11/2013, 185.25, -17730.7294989, 17735.1405481, -17654.689396, -17539.7543464, 5.1, 102.830974188, 0.843902439024, 101.064932514, 101.987447699, 0.00904537965499, 174302.008889, -1836.97104909,1, 
20/11/2013, 185.19, -17730.7894737, 17734.4575725, -17692.6877013, -17609.0027648, 5.98, 103.336867362, 0.622641509434, 100.792449955, 101.540739116, 0.00736934916782, 170366.435556, -1836.97104909,0, 
21/11/2013, 184.13, -17731.3595361, 17733.8670533, -17730.8834862, -17654.5638349, 4.9, 102.733917313, 0.239316239316, 100.036944073, 100.628483987, 0.0058784539992, 153130.179778, -1836.97104909,0, 
22/11/2013, 181.3, -17732.8790808, 17732.3475086, -17730.9595029, -17692.7535278, 1.03, 100.571365174, 0.169625246548, 98.2943517344, 98.8587350662, 0.00570898799649, 118260.534, -1836.97104909,0, 
25/11/2013, 178.94, -17734.1462629, 17731.0803265, -17731.6760302, -17718.1768968, 1.09, 100.612876019, -0.18771331058, 97.21407306, 97.5022340402, 0.00295542951518, 78796.9752222, -1836.97104909,0, 
26/11/2013, 177.31, -17735.0214777, 17730.2051117, -17732.7949599, -17731.1730064, -1.88, 98.95083431, 0.0, 96.9108339437, 96.8219297767, -0.000918223456237, 63481.7831111, -1836.97104909,0, 
27/11/2013, 178.97, -17730.108677, 17727.0964347, -17734.0156071, -17731.8101643, -1.03, 99.4277777778, 1.21610169492, 98.6745619549, 98.0367452918, -0.0065058938988, 79167.277, -1836.97104909,1, 
29/11/2013, 179.68, -17729.7274485, 17727.4776632, -17733.0921392, -17732.8288657, -0.31, 99.8277682093, 1.01704545455, 99.7501804252, 98.6732273087, -0.0109143396436, 89990.5795556, -1836.97104909,1, 
02/12/2013, 177.48, -17730.9087199, 17726.2963918, -17731.619201, -17733.3009021, -5.4, 97.0472440945, -0.0364372469636, 99.0180763222, 97.6006775075, -0.0145224280295, 68144.8376667, -1836.97104909,0, 
03/12/2013, 176.08, -17712.5584192, 17706.5446735, -17730.2482818, -17732.9089824, -6.99, 96.181788387, 0.289575289575, 98.6575225801, 97.135795931, -0.0156659718954, 52180.4472222, -1836.97104909,0, 
04/12/2013, 175.74, -17563.9463058, 17558.3621134, -17724.3981959, -17731.6532073, -7.81, 95.7450286026, 0.606837606838, 98.7836136343, 97.3990345447, -0.0142155319723, 47019.7718519, -1836.97104909,0, 
05/12/2013, 176.08, -17515.5060137, 17510.5446735, -17669.137815, -17728.7552262, -6.13, 96.6357499588, 0.708860759494, 99.149726899, 98.1045453026, -0.0106537530266, 47927.1613333, -1836.97104909,1, 
06/12/2013, 177.67, -17514.6522766, 17511.3984107, -17597.3369129, -17707.9280976, -5.52, 96.9867350838, 0.964824120603, 100.371726211, 99.4954387891, -0.00880731249859, 64382.5096296, -1836.97104909,1, 
09/12/2013, 177.46, -17514.7650344, 17511.2856529, -17531.3681987, -17663.6243079, -7.01, 96.1999241069, 0.363636363636, 100.48128645, 99.7386539272, -0.00744578449691, 68603.908, -1836.97104909,0, 
10/12/2013, 177.12, -17514.9475945, 17511.1030928, -17514.9744416, -17599.2809756, -8.13, 95.6113360324, 0.130434782609, 100.291043339, 99.7628716747, -0.00529427086282, 64873.8022222, -1836.97104909,0, 
11/12/2013, 175.2, -17515.9785223, 17510.0721649, -17514.7883018, -17547.8931844, -9.99, 94.605540256, 0.240601503759, 99.0871763548, 98.7826949859, -0.00308233510921, 57243.6597778, -1836.97104909,0, 
12/12/2013, 173.37, -17510.9313594, 17503.3351279, -17515.2303837, -17520.3769807, -10.76, 94.1563026123, 0.24, 98.112118434, 97.867319981, -0.00250132989259, 38995.6127407, -1836.97104909,0, 
13/12/2013, 172.8, -17330.2702849, 17323.4104546, -17513.9524921, -17514.997709, -8.5, 95.3116381688, 0.612121212121, 98.090415749, 97.8548938773, -0.00240684816421, 33297.3471111, -1836.97104909,0, 
16/12/2013, 177.85, -17270.1675149, 17271.3901306, -17452.3933889, -17514.6570592, -1.09, 99.3908572706, 0.987544483986, 101.518351504, 101.108584423, -0.00405274273646, 74645.736, -1836.97104909,1, 
17/12/2013, 175.76, -17271.3237442, 17270.2339013, -17370.4563864, -17493.8587549, -1.55, 99.1258248266, -0.151898734177, 100.280712965, 99.8993958065, -0.00381701166214, 77032.4321481, -1836.97104909,0, 
18/12/2013, 178.7, -17269.6972782, 17271.8603673, -17290.5871813, -17445.6007558, -0.27, 99.8491367268, 0.766066838046, 102.116619808, 101.588925841, -0.00519440444353, 98428.3067778, -1836.97104909,1, 
19/12/2013, 180.22, -17268.8563842, 17272.7012613, -17270.3961791, -17371.1456522, 0.54, 100.300534283, 0.691729323308, 102.574902104, 102.280917815, -0.0028742828522, 129684.56237, -1836.97104909,1, 
20/12/2013, 180.02, -17268.9621137, 17272.7119752, -17269.9591355, -17310.4799156, 2.54, 101.431147172, 0.89898989899, 101.668304474, 101.927922317, 0.00254707284289, 147095.603111, -1836.97104909,0, 
23/12/2013, 182.23, -17267.7802198, 17273.1263736, -17269.1719253, -17276.980832, 6.15, 103.492730577, 1.25431034483, 102.083916867, 103.042126096, 0.00929919892443, 164030.162815, -1836.97104909,1, 
24/12/2013, 183.22, -17267.2655661, 17273.1585306, -17268.5329059, -17269.8424133, 7.48, 104.256287698, 0.798742138365, 102.137290535, 103.323238988, 0.0114780417647, 174834.157259, -1836.97104909,1, 
26/12/2013, 185.35, -17266.1226158, 17274.0081744, -17268.0026332, -17269.2213222, 9.27, 105.264652431, 1.14146341463, 102.472384701, 104.166081253, 0.0162595782793, 197363.252963, -1836.97104909,1, 
27/12/2013, 185.08, -17266.3444708, 17272.7413236, -17267.0561339, -17268.5691548, 7.41, 104.170653459, 0.592783505155, 101.576220583, 103.424381957, 0.0178696873902, 201466.864444, -1836.97104909,0, 
30/12/2013, 186.41, -17265.6648794, 17272.9517426, -17266.5775509, -17267.863891, 8.95, 105.04339006, 0.79802955665, 101.763292936, 103.490392676, 0.0166885031117, 205386.991111, -1836.97104909,1, 
31/12/2013, 187.57, -17265.0514194, 17273.4659882, -17266.0439887, -17267.212106, 10.45, 105.899954833, 0.926174496644, 101.687104924, 103.353463666, 0.0161229114487, 218050.973556, -1836.97104909,1, 
02/01/2014, 185.53, -17266.1838756, 17271.796528, -17265.6869232, -17266.5592245, 10.33, 105.896118721, -0.0772727272727, 100.002156032, 101.684789758, 0.0165475458965, 195531.543333, -1836.97104909,0, 
03/01/2014, 186.64, -17265.5927898, 17272.3876138, -17265.6333915, -17266.1028209, 13.27, 107.654150084, 0.887804878049, 100.350560251, 101.748322276, 0.0137374454266, 194585.276778, -1836.97104909,1, 
06/01/2014, 186.0, -17265.933596, 17272.0468076, -17265.6093616, -17265.7881011, 13.2, 107.638888889, 0.349514563107, 99.8679166264, 100.962399648, 0.0108405012725, 185330.282222, -1836.97104909,0, 
07/01/2014, 189.71, -17263.957985, 17274.0224187, -17265.9034205, -17265.6432254, 11.86, 106.668540905, 1.09571788413, 101.759373491, 102.654148968, 0.00871640830338, 214894.748444, -1836.97104909,1, 
08/01/2014, 187.97, -17478.1074337, 17483.7496717, -17265.1614569, -17265.7153912, 12.21, 106.946973145, -0.134259259259, 100.470361858, 101.182081454, 0.00703404778449, 199618.414074, -1836.97104909,0, 
09/01/2014, 187.38, -17478.417389, 17483.4397163, -17335.9996716, -17265.5580797, 8.68, 104.857302742, 0.518644067797, 100.112197468, 100.553802563, 0.00439172944382, 187042.065778, -1836.97104909,0, 
10/01/2014, 187.26, -17783.0722354, 17786.3766745, -17406.8276026, -17289.0215163, 7.04, 103.9063367, 0.519650655022, 99.8506985176, 100.265575807, 0.00413778393943, 174036.129722, -1836.97104909,0, 
13/01/2014, 184.16, -17999.8250591, 17998.7480956, -17579.865686, -17335.9962437, 4.14, 102.299744473, -0.100323624595, 98.1328331486, 98.5049878313, 0.00377802881746, 135223.220256, -1836.97104909,0, 
14/01/2014, 185.92, -18058.2104019, 18058.6727082, -17753.7715612, -17440.8976534, 3.69, 102.024913571, 0.890196078431, 99.2653340167, 99.4953522099, 0.00231184862464, 132310.636111, -1836.97104909,1, 
15/01/2014, 187.74, -18187.9372209, 18189.6288416, -17947.0358988, -17580.1549499, 4.52, 102.466979587, 0.863924050633, 100.644372728, 100.495680195, -0.00147959128971, 151489.091111, -1836.97104909,1, 
16/01/2014, 188.76, -18348.2419228, 18350.1646966, -18081.990894, -17760.224382, 3.41, 101.839762611, 0.570776255708, 101.216137958, 101.032483903, -0.00181777234412, 156367.804444, -1836.97104909,1, 
17/01/2014, 190.09, -18382.7270817, 18385.8634095, -18198.1298485, -17927.5994513, 5.01, 102.706937541, 0.694915254237, 101.778677289, 101.568761555, -0.00206673520089, 168475.138074, -1836.97104909,1, 
21/01/2014, 188.43, -18383.6049473, 18384.7526859, -18306.3020751, -18075.7188804, 2.02, 101.083632852, 0.0833333333333, 100.585051299, 100.496535982, -0.000880779783702, 148034.800963, -1836.97104909,0, 
22/01/2014, 182.25, -18386.8437713, 18381.513862, -18371.5246506, -18195.4742725, -5.32, 97.1637255425, -1.28720626632, 96.844644717, 97.074708909, 0.00236997045508, 56418.6488148, -1836.97104909,0, 
23/01/2014, 182.73, -17965.3963105, 17962.7654211, -18384.3919334, -18291.9855247, -2.8, 98.4908101116, 0.488372093023, 97.4799150725, 97.718667779, 0.00244326608128, 63721.8482963, -1836.97104909,1, 
24/01/2014, 179.64, -17967.0157224, 17961.1460091, -18245.2816764, -18354.0728864, -7.0, 96.2494642092, 0.0252365930599, 96.3465127754, 96.3361791583, -0.000107266213288, 43068.0466296, -1836.97104909,0, 
27/01/2014, 177.9, -17964.9119019, 17957.2341072, -18106.4186014, -18333.7327535, -8.1, 95.6451612903, 0.00502512562815, 96.3559156791, 95.8007086775, -0.00579543731178, 17689.6816296, -1836.97104909,0, 
28/01/2014, 176.85, -17766.4245061, 17758.6838216, -17965.7746449, -18245.3640704, -12.86, 93.2212324074, 0.240174672489, 97.0689939075, 95.7177341661, -0.0141171304682, 6922.75859259, -1836.97104909,0, 
29/01/2014, 176.4, -17615.8742204, 17608.4479849, -17899.4507101, -18105.8249742, -11.57, 93.8447624621, 0.636363636364, 98.0686480536, 95.8534160006, -0.0231106218798, 9572.454, -1836.97104909,0, 
30/01/2014, 177.36, -17588.2296001, 17581.9511032, -17782.4035428, -17990.5479855, -10.02, 94.6525776497, 0.973333333333, 99.2479183454, 96.8762119085, -0.0244818246933, 18650.5827407, -1836.97104909,1, 
31/01/2014, 176.68, -17588.5859756, 17581.5947277, -17656.8427755, -17882.542966, -10.58, 94.3501014632, 0.192, 99.4651804312, 97.0550590252, -0.0248325170298, 17049.7173333, -1836.97104909,0, 
03/02/2014, 172.9, -17535.278759, 17524.6136995, -17597.5632654, -17779.5656762, -11.26, 93.8857515204, -0.2, 97.6626486969, 95.6130794711, -0.0214360758707, -9376.64163333, -1836.97104909,0, 
04/02/2014, 172.84, -17271.9371102, 17262.5822546, -17570.6981116, -17678.9365279, -13.08, 92.9647160069, 0.611510791367, 98.1833467774, 96.4972028987, -0.0174735000398, -12650.7071407, -1836.97104909,0, 
05/02/2014, 174.24, -17235.0147267, 17227.3159688, -17465.2672816, -17608.3680508, -13.5, 92.8092042186, 0.76618705036, 99.431623639, 98.1329728816, -0.0132335821407, 6126.52724444, -1836.97104909,1, 
06/02/2014, 174.67, -17217.7002778, 17210.5413238, -17347.4101986, -17544.5095528, -14.09, 92.5354948082, 0.575471698113, 99.9233427153, 98.8209602046, -0.0111553511361, 21915.0598889, -1836.97104909,1, 
07/02/2014, 177.25, -17216.3481474, 17211.8934542, -17241.5507049, -17461.1251973, -12.84, 93.2453048556, 1.16064257028, 101.712324837, 100.739991361, -0.00965191144572, 55851.3145185, -1836.97104909,1, 
10/02/2014, 177.14, -17216.4000735, 17212.0406009, -17223.0210506, -17351.409395, -11.29, 94.0083850767, 0.285714285714, 101.582750315, 100.814414743, -0.00762128684482, 66875.6373333, -1836.97104909,0, 
11/02/2014, 179.7, -17214.9122578, 17216.8118877, -17216.8161662, -17270.6606514, -2.55, 98.6008230453, 0.905292479109, 102.552103545, 102.315624057, -0.00231127445385, 95636.0168519, -1836.97104909,1, 
12/02/2014, 180.24, -17214.6183322, 17217.1058132, -17215.8868262, -17227.1293072, -2.49, 98.6373337711, 0.778894472362, 102.061155153, 102.456826476, 0.00386183465459, 115658.413889, -1836.97104909,1, 
13/02/2014, 181.84, -17213.7212953, 17218.4693945, -17215.3102212, -17218.574681, 2.2, 101.224671565, 0.471111111111, 102.272215973, 103.141200894, 0.00842519685039, 125440.714519, -1836.97104909,1, 
14/02/2014, 183.69, -17212.6937925, 17219.7293266, -17214.4172951, -17216.0044045, 5.79, 103.254637437, 0.752906976744, 102.486135443, 103.926449788, 0.0138589776493, 160321.816333, -1836.97104909,1, 
18/02/2014, 183.19, -17213.0356775, 17218.3276582, -17213.6778067, -17215.2047808, 6.34, 103.584959005, 0.184523809524, 101.477936207, 103.234132239, 0.0170117769579, 166065.992444, -1836.97104909,0, 
19/02/2014, 182.95, -17213.1658082, 17218.1975275, -17213.1502551, -17214.468441, 6.55, 103.713151927, 0.759259259259, 100.670217683, 102.504482295, 0.0178944819845, 175927.289111, -1836.97104909,0, 
20/02/2014, 184.26, -17212.4985187, 17218.2512793, -17212.9650927, -17213.7484523, 6.9, 103.890392422, 0.92270531401, 101.029706879, 102.65695773, 0.0158513449792, 178751.384333, -1836.97104909,1, 
21/02/2014, 182.79, -17213.2903313, 17217.4594667, -17212.9000015, -17213.2643848, 6.11, 103.458229568, 0.46925566343, 99.7838262749, 101.272625531, 0.014700905091, 174300.885333, -1836.97104909,0, 
24/02/2014, 183.45, -17212.9367832, 17217.7830488, -17212.9848861, -17213.0051164, 10.55, 106.101792944, 1.01282051282, 100.040354245, 101.183089269, 0.0112937352762, 173820.947667, -1836.97104909,1, 
25/02/2014, 183.23, -17213.0552474, 17217.6645846, -17212.9085444, -17212.9499934, 10.39, 106.011339968, 0.668604651163, 99.9465438995, 100.717328569, 0.007652949904, 167348.531, -1836.97104909,0, 
26/02/2014, 184.06, -17212.608314, 17218.111518, -17213.0941206, -17212.931144, 9.82, 105.6359045, 1.19186046512, 100.394903347, 100.836008634, 0.00437448182572, 173041.317778, -1836.97104909,1, 
27/02/2014, 185.27, -17372.8183189, 17378.7630715, -17212.8667815, -17212.9958503, 10.6, 106.068586477, 0.883177570093, 100.932675231, 101.257036673, 0.00320334717092, 177926.172667, -1836.97104909,1, 
28/02/2014, 185.17, -17501.5684324, 17506.5805324, -17266.1606268, -17212.9564822, 7.92, 104.468265162, 0.344129554656, 100.767305181, 100.924931734, 0.00156181976491, 172707.604667, -1836.97104909,0, 
03/03/2014, 184.26, -17620.696325, 17624.0006447, -17362.3316884, -17230.7071763, 7.12, 104.019419668, -0.291208791209, 100.01302677, 100.246999554, 0.00233396296055, 153421.071556, nan,0, 
04/03/2014, 186.44, -17674.8205459, 17680.1719321, -17498.3610254, -17280.4530323, 6.74, 103.750695604, 1.95945945946, 101.107387282, 101.401587051, 0.00290133298626, 180612.226074, nan,1, 
05/03/2014, 187.14, -17781.0416756, 17785.989314, -17599.0284344, -17375.6177802, 6.9, 103.828229028, 0.974193548387, 101.134889754, 101.602710274, 0.00460440985733, 182130.719259, nan,1, 
06/03/2014, 187.64, -17780.7964884, 17785.8350625, -17692.1861821, -17486.5737161, 5.8, 103.189617246, 0.838926174497, 101.068643082, 101.642949617, 0.00565023484294, 180243.931222, nan,1, 
07/03/2014, 187.68, -18095.4488561, 18098.6231222, -17745.5529033, -17596.525214, 3.99, 102.172137841, 0.735632183908, 100.832751303, 101.478818027, 0.00636651802504, 175792.868222, nan,1, 
10/03/2014, 186.39, -18229.845649, 18230.6608088, -17885.76234, -17678.9225066, 3.2, 101.746820241, 0.27380952381, 99.8703330619, 100.515547311, 0.006419049252, 154601.703667, nan,0, 
11/03/2014, 186.76, -18238.6974381, 18239.8566589, -18035.3636645, -17774.5004752, 3.81, 102.082536212, 0.854771784232, 99.8406911225, 100.555651275, 0.00711009419538, 151292.212963, nan,1, 
12/03/2014, 186.22, -18260.0944315, 18260.5708236, -18187.9973144, -17888.8929693, 1.96, 101.063714317, 0.442307692308, 99.5179615438, 100.074698653, 0.00556321544233, 138783.314667, nan,0, 
13/03/2014, 183.9, -18261.3224645, 18259.3427906, -18242.8791728, -18036.3744396, 1.11, 100.607254226, 0.237082066869, 98.3748622538, 98.7133448204, 0.00342894435588, 113356.121667, nan,0, 
14/03/2014, 182.21, -18282.322888, 18278.4482321, -18253.3714447, -18155.4133839, -1.24, 99.3240665031, 0.1875, 97.8623986251, 97.8781693167, 0.000161125731779, 85619.0825926, nan,0, 
17/03/2014, 185.81, -18219.0944315, 18219.3538006, -18267.9132613, -18228.082644, 2.58, 101.408066365, 1.12195121951, 100.385745775, 99.9709464985, -0.00414919825388, 111765.406667, nan,1, 
18/03/2014, 186.81, -18218.5651069, 18219.8831251, -18254.2465947, -18254.721293, 2.75, 101.494078018, 0.885593220339, 100.98929614, 100.42522538, -0.00561682344037, 134291.925, nan,1, 
19/03/2014, 184.71, -18219.6766885, 18218.7715435, -18239.9941421, -18258.5104336, -0.56, 99.6977384358, -0.034375, 99.8486404671, 99.2765618953, -0.00576247364722, 109163.128333, nan,0, 
20/03/2014, 187.9, -18217.9881431, 18220.4600889, -18219.1120757, -18254.0513327, 2.73, 101.474320894, 0.867970660147, 101.739149268, 101.123172222, -0.0060913540674, 132102.985741, nan,1, 
21/03/2014, 186.67, -18218.6392124, 18219.8090197, -18218.7433129, -18237.7842708, 2.41, 101.30793444, 0.347826086957, 100.637237988, 100.447161252, -0.00189230570172, 136518.432519, nan,0, 
24/03/2014, 188.25, -18217.8028795, 18220.6453525, -18218.7680147, -18225.9498436, 1.81, 100.970821712, 1.33816425121, 101.003326537, 101.352442688, 0.00344457559824, 148924.702222, nan,1, 
25/03/2014, 195.04, -18214.2274071, 18223.9560811, -18218.1434117, -18218.8744677, 7.9, 104.221438495, 1.0671641791, 104.373140399, 104.903078677, 0.00505169424407, 209959.69963, nan,1, 
26/03/2014, 192.62, -18215.6724667, 18219.5772774, -18216.889833, -18218.5515797, 4.98, 102.654018333, 0.160762942779, 102.178087569, 103.142135024, 0.0093467859151, 209307.534111, nan,0, 
27/03/2014, 189.83, -18217.1048919, 18218.0352195, -18215.9009178, -18217.9337531, 2.15, 101.145566922, 0.0149253731343, 99.8600707011, 101.301016052, 0.0142243918862, 165410.583185, nan,0, 
28/03/2014, 190.45, -18216.7879671, 18218.3521444, -18215.6682552, -18216.9780542, 4.06, 102.178228446, 0.794871794872, 99.9832005124, 101.311274836, 0.0131088501801, 163463.349259, nan,1, 
31/03/2014, 192.49, -18215.7451822, 18219.3949292, -18216.5217752, -18216.153002, 5.73, 103.068108803, 1.40084388186, 100.654681601, 101.949589267, 0.0127014505485, 184100.242, nan,1, 
01/04/2014, 194.5, -18214.7177325, 18220.422379, -18216.5460137, -18216.0303161, 8.28, 104.446353775, 1.12340425532, 101.256728757, 102.650981386, 0.0135824578574, 202141.568556, nan,1, 
02/04/2014, 193.55, -18215.203343, 18219.9367684, -18215.7502939, -18216.2453481, 9.65, 105.247417074, 0.0, 100.818843826, 101.736698801, 0.00902186708894, 188952.869111, nan,0, 
03/04/2014, 192.69, -18215.6429484, 18219.497163, -18215.2220859, -18216.2726943, 10.48, 105.751605291, -0.165048543689, 100.273724527, 100.816198399, 0.00538082054911, 175406.936148, nan,0, 
04/04/2014, 191.77, -18261.34325, 18264.0268875, -18215.188008, -18215.8394645, 5.96, 103.207577633, 0.475836431227, 99.4987962809, 100.084025281, 0.00584737672256, 165869.741778, nan,0, 
07/04/2014, 194.52, -18344.3669171, 18349.4326024, -18230.7298472, -18215.3867959, 7.71, 104.127188052, 0.946524064171, 100.787564767, 101.249746251, 0.00456476683938, 182458.393333, nan,1, 
08/04/2014, 193.29, -18344.9956551, 18348.8038644, -18273.7843719, -18220.3799803, 8.58, 104.645119376, -0.236486486487, 99.9400225433, 100.282236726, 0.0034125104702, 172364.713704, nan,0, 
09/04/2014, 196.64, -18410.625722, 18417.5162807, -18316.9019407, -18239.9007423, 8.74, 104.651410325, 1.09117647059, 101.799507155, 102.112986898, 0.00306993021474, 200833.905037, nan,1, 
10/04/2014, 195.68, -18635.2893401, 18639.3299492, -18366.6627647, -18273.8053866, 9.01, 104.826699523, 0.723943661972, 100.979451136, 101.402786918, 0.00417479435654, 209308.417778, nan,0, 
11/04/2014, 195.19, -18733.0744943, 18734.982029, -18463.6369057, -18319.1163591, 6.94, 103.686586985, 0.483516483516, 100.416709538, 100.843158123, 0.00422883012656, 181003.276741, nan,0, 
14/04/2014, 197.77, -18865.4470157, 18869.2771447, -18592.9965188, -18382.4005371, 2.73, 101.399712879, 1.29237288136, 101.387237009, 101.926486353, 0.00529057129968, 199550.233037, nan,1, 
15/04/2014, 197.02, -18907.0293158, 18909.9006576, -18744.6036167, -18474.4320631, 4.4, 102.284290313, -0.180904522613, 100.667300244, 101.264391447, 0.00589635897279, 183037.008889, nan,0, 
16/04/2014, 196.4, -18907.3405452, 18909.5894282, -18835.1836086, -18600.4123471, 6.57, 103.460991413, 0.455525606469, 99.9694594319, 100.815144858, 0.00838847602565, 176617.737407, nan,0, 
17/04/2014, 190.01, -18910.5482155, 18906.3817579, -18893.2722922, -18724.261248, -0.44, 99.7689682331, -1.54471544715, 96.7405250188, 97.392579076, 0.00669511027839, 69497.3386667, nan,0, 
21/04/2014, 192.27, -18698.3595703, 18697.5162391, -18908.3060255, -18824.3531725, -0.22, 99.8857083485, 0.912052117264, 98.4596319094, 98.6865405048, 0.0022992861459, 99331.024963, nan,1, 
22/04/2014, 192.15, -18698.4198082, 18697.4560012, -18838.7494436, -18878.9206421, -2.35, 98.7917737789, 0.405555555556, 98.6933341551, 98.5996438816, -0.00095020904599, 104043.982778, nan,0, 
23/04/2014, 191.73, -18698.630641, 18697.2451684, -18769.109198, -18880.1092538, -1.82, 99.0596745027, 0.113043478261, 99.0494394793, 98.5039200173, -0.00553804825128, 95325.5, nan,0, 
24/04/2014, 190.22, -18699.3886351, 18696.4871743, -18698.4700065, -18838.7215557, -2.47, 98.7181483211, 0.223744292237, 98.809424867, 97.8065259196, -0.01025390625, 88745.5715556, nan,0, 
25/04/2014, 189.63, -18699.684805, 18696.1910045, -18698.8130281, -18768.7762161, -2.14, 98.8840798874, 0.288461538462, 99.1394633932, 97.8260869565, -0.0134256257973, 75227.4967037, nan,0, 
28/04/2014, 193.14, -18697.9228452, 18697.9529642, -18699.2346937, -18722.1307442, -1.38, 99.2905613819, 1.27859237537, 101.014644351, 99.9487681058, -0.0106642259414, 112435.204, nan,1, 
29/04/2014, 195.11, -18696.9339391, 18698.9418704, -18698.9987618, -18698.8392428, 1.82, 100.941590356, 1.10671936759, 101.952198313, 101.075458209, -0.00867411456102, 142961.080667, nan,1, 
30/04/2014, 196.47, -18696.2512424, 18699.624567, -18698.1805298, -18699.0154945, -0.17, 99.9135475997, 0.697211155378, 102.346248815, 101.920443227, -0.00417782315618, 157319.759407, nan,1, 
01/05/2014, 193.53, -18697.7270719, 18698.1487375, -18697.0360089, -18698.8046617, -2.15, 98.9012673753, 0.075208913649, 100.319313269, 100.42394649, 0.00104191505023, 136226.409185, nan,0, 
02/05/2014, 191.44, -18698.7706205, 18697.341402, -18696.9707511, -18698.0717668, -3.75, 98.0787950202, 0.119691119691, 98.8965574245, 99.4875952314, 0.00594081910981, 104125.588593, nan,0, 
05/05/2014, 191.26, -18698.8612048, 18697.2508178, -18697.5829783, -18697.3957633, -6.51, 96.7082975173, 0.0295857988166, 98.6191463251, 99.3202436529, 0.00705895698625, 86631.0561111, nan,0, 
06/05/2014, 190.03, -18699.4801973, 18696.6318253, -18698.4529657, -18697.1965794, -6.99, 96.4521368389, -0.182352941176, 98.1752616733, 98.7332959245, 0.00565193581385, 78349.602, nan,0, 
07/05/2014, 189.3, -18699.8475668, 18696.2644557, -18699.0373408, -18697.6688984, -7.1, 96.3849287169, 0.080118694362, 98.3141690817, 98.4624667111, 0.00150613359924, 64395.5766667, nan,0, 
08/05/2014, 188.91, -18691.9942091, 18688.9615971, -18699.3963229, -18698.3577616, -1.1, 99.4210831009, 0.542735042735, 98.8477960568, 98.3839635858, -0.00471451295575, 73846.4552222, nan,0, 
09/05/2014, 190.08, -18691.3998781, 18689.5559281, -18697.1073244, -18698.9622098, -2.19, 98.8609767514, 0.756756756757, 99.9432140829, 99.0608811666, -0.00890697625507, 84439.2133333, nan,1, 
12/05/2014, 192.57, -18690.1350198, 18690.8207863, -18694.4138847, -18698.5136627, 0.42, 100.218579235, 1.41346153846, 101.39745993, 100.335023212, -0.0105888919312, 121257.070778, nan,1, 
13/05/2014, 192.19, -18690.3280504, 18690.6277558, -18691.176369, -18696.9725107, 0.46, 100.239920722, 0.362204724409, 101.05795623, 100.16677959, -0.008896928141, 126557.357556, nan,0, 
14/05/2014, 188.72, -18692.0907244, 18688.8650818, -18690.6209828, -18694.232526, -1.5, 99.211439386, -0.0523560209424, 99.0084465663, 98.5081794361, -0.00507843240124, 93359.5288889, nan,0, 
15/05/2014, 186.46, -18693.2387483, 18687.7170578, -18690.8512649, -18692.0704121, -3.17, 98.3283235775, 0.124137931034, 97.8823480005, 97.7238303381, -0.00162209833381, 66809.3124444, nan,0, 
16/05/2014, 187.06, -18617.5529818, 18613.0218429, -18691.885841, -18690.8828722, -6.08, 96.8520244382, 0.641891891892, 98.4505589356, 98.4029122128, -0.000484200332625, 62418.1822222, nan,1, 
19/05/2014, 187.0, -18592.4564665, 18587.9913644, -18667.6274848, -18691.1193629, -8.11, 95.8433704064, 0.0642201834862, 98.7328405491, 98.5985299856, -0.00136219640971, 64429.9235185, nan,0, 
20/05/2014, 184.89, -18593.5282942, 18586.9195367, -18634.4160656, -18683.4548636, -11.58, 94.1059703772, -0.15, 98.1963608553, 97.7054620783, -0.00502427158684, 51329.0843333, nan,0, 
21/05/2014, 186.39, -18469.1409983, 18464.7392498, -18601.1792475, -18664.6431305, -7.14, 96.3106495117, 1.02714932127, 99.7666277713, 98.7664133787, -0.010127070108, 64390.912963, nan,1, 
22/05/2014, 185.68, -18469.4944284, 18465.7903426, -18551.7085863, -18634.4075993, -5.76, 96.9912244045, 0.0422535211268, 99.6351148315, 98.5421409883, -0.0110914359305, 61588.8791111, nan,0, 
23/05/2014, 185.94, -18469.3576128, 18466.3269958, -18510.7212403, -18595.7679665, -5.32, 97.2184460943, 0.55421686747, 99.8582200168, 98.8495725769, -0.0102038624305, 65092.829963, nan,1, 
27/05/2014, 184.78, -18469.9585557, 18465.7260529, -18469.3310132, -18554.5363581, -5.25, 97.2372783245, -0.168604651163, 99.35476933, 98.4495711013, -0.00919453704699, 56468.7521481, nan,0, 
28/05/2014, 183.08, -18393.4403461, 18387.8453608, -18469.6035323, -18510.5869466, -6.22, 96.7142102483, 0.0515463917526, 98.6762676785, 97.950361402, -0.0074109606761, 48138.4581481, nan,0, 
29/05/2014, 183.76, -18293.5751956, 18289.1976377, -18444.2521715, -18483.2185952, -5.15, 97.2738341009, 0.48275862069, 99.2363938782, 98.7956989247, -0.00446066942443, 51343.6021111, nan,1, 
30/05/2014, 184.36, -18231.94835, 18228.5084702, -18385.6580324, -18461.062239, -5.72, 96.9907407407, 0.389423076923, 99.8440275551, 99.3833017078, -0.00463584766691, 64671.3545185, nan,1, 
02/06/2014, 185.69, -18231.2593379, 18229.1974823, -18306.3212972, -18433.1712454, -6.88, 96.4272731994, 1.19254658385, 100.708304408, 100.213714421, -0.00493535230823, 91983.7291852, nan,1, 
03/06/2014, 184.37, -18231.9431695, 18228.5136507, -18252.2609612, -18378.7438337, -7.82, 95.9311098392, 0.0426829268293, 100.019529767, 99.5749553082, -0.00446472164658, 85042.4777778, nan,0, 
04/06/2014, 184.51, -18231.8645242, 18229.1039637, -18231.7169525, -18314.7467636, -4.21, 97.7691818567, 0.864, 100.140025617, 99.7923134336, -0.00348435837874, 87939.0346667, nan,1, 
05/06/2014, 185.98, -18231.0696002, 18231.3604823, -18231.6890105, -18263.4330703, -0.48, 99.7425721334, 0.728110599078, 100.781410875, 100.608040853, -0.00172322231735, 98313.4465556, nan,1, 
06/06/2014, 186.37, -18230.8442986, 18232.445067, -18231.6257646, -18238.5556414, -0.69, 99.6311343954, 0.954285714286, 100.750343277, 100.841381922, 0.000902790541783, 117738.733333, nan,1, 
09/06/2014, 186.22, -18230.9269917, 18232.237943, -18231.2594743, -18231.6772425, -0.78, 99.5828877005, 0.755952380952, 100.450955854, 100.722615261, 0.00269710438873, 119193.97163, nan,0, 
10/06/2014, 184.29, -18231.9555023, 18231.2094325, -18230.9469635, -18231.5247498, -0.6, 99.6754827195, 0.0, 99.3530648552, 99.6636237778, 0.00311607094722, 98913.0027407, nan,0, 
11/06/2014, 182.25, -18233.0426326, 18230.1223022, -18231.2422642, -18231.2774008, -4.14, 97.7788507967, -0.041095890411, 98.2617509732, 98.5865208289, 0.00329426226857, 78618.694, nan,0, 
12/06/2014, 181.22, -18201.4209965, 18197.5734079, -18231.9750422, -18231.1495673, -4.46, 97.5980180956, 0.182926829268, 97.9451092303, 98.0733845654, 0.0013079525678, 66945.2066667, nan,0, 
13/06/2014, 182.56, -18090.1207034, 18088.2875033, -18222.1397105, -18231.38809, -3.38, 98.1822093148, 1.2027027027, 99.179659912, 98.9345674864, -0.00247731841147, 80418.7337778, nan,1, 
16/06/2014, 182.35, -18090.2326139, 18088.1755929, -18174.8614442, -18228.4523389, -2.43, 98.6849226107, 0.102040816327, 99.4773823292, 98.9172534256, -0.00566260065027, 79842.7566667, nan,0, 
17/06/2014, 182.26, -18090.2805755, 18088.1276312, -18127.2581046, -18209.6587323, -0.82, 99.5521083679, 0.368, 99.8498909792, 99.0478881812, -0.00809712163213, 84035.252, nan,0, 
18/06/2014, 183.6, -18089.5664801, 18088.8417266, -18090.2112976, -18174.7530864, -0.16, 99.9129299086, 0.741758241758, 100.808222788, 99.8906425972, -0.00918584731617, 96001.8, nan,1, 
19/06/2014, 182.82, -18089.9821476, 18088.4260592, -18090.0265565, -18130.7769488, -1.54, 99.1646778043, 0.412322274882, 100.231362186, 99.515540798, -0.00719306132743, 100695.88, nan,0, 
20/06/2014, 181.55, -18090.6589395, 18087.7492673, -18089.9430678, -18102.4986529, -4.14, 97.7704776779, -0.11811023622, 99.360763581, 98.9945145425, -0.00369969023304, 85187.4485185, nan,0, 
23/06/2014, 182.14, -18090.3445244, 18088.0636824, -18090.0691891, -18090.0603073, -2.23, 98.7904756739, 0.56, 99.7939906638, 99.5779391183, -0.00216967279581, 86599.8521481, nan,1, 
24/06/2014, 180.88, -18091.0159872, 18087.3922196, -18090.3285372, -18090.0129378, -3.63, 98.0326269579, 0.365957446809, 99.1264508916, 99.1101564897, -0.000164406984009, 84803.4887778, nan,0, 
25/06/2014, 180.72, -18064.9626965, 18061.3069544, -18090.6731504, -18090.113598, -5.26, 97.1717388967, 0.0989010989011, 99.1887946081, 99.2078523081, 0.000192098705804, 74492.6314815, nan,0, 
26/06/2014, 180.37, -18005.8347988, 18002.120437, -18082.107736, -18090.3569589, -6.0, 96.7805977357, 0.309523809524, 99.310656198, 99.0989506071, -0.00213630507317, 73052.3799259, nan,0, 
27/06/2014, 181.71, -17925.6996376, 17923.839693, -18053.9378275, -18087.7031412, -4.51, 97.5781333906, 0.746428571429, 100.3191043, 99.8818194311, -0.00437802265751, 86889.9347037, nan,1, 
30/06/2014, 181.27, -17925.9260015, 17924.3418537, -17998.8323776, -18075.5729046, -3.02, 98.3612784199, 0.131736526946, 100.058510521, 99.6865376155, -0.00373142566956, 87919.7511111, nan,0, 
01/07/2014, 186.35, -17923.1619776, 17928.0191359, -17952.4868126, -18044.9593137, 4.1, 102.249657064, 1.07719928187, 102.961489585, 102.541104484, -0.00409967401514, 140843.549185, nan,1, 
02/07/2014, 188.39, -17922.1300262, 17927.598067, -17924.9292056, -18001.7523393, 7.17, 103.956516941, 0.936170212766, 103.463236748, 103.430858511, -0.00031304233211, 177044.450556, nan,1, 
03/07/2014, 188.53, -17922.1002699, 17926.7566009, -17923.7393351, -17958.7494653, 5.97, 103.270157756, 0.287671232877, 102.675118997, 103.236228233, 0.00543519698505, 180589.953444, nan,1, 
07/07/2014, 188.04, -17922.3595428, 17926.4973279, -17922.4640912, -17933.7184511, 5.69, 103.120372909, -0.313253012048, 101.506072874, 102.646964098, 0.0111147098516, 175368.009259, nan,0, 
08/07/2014, 187.22, -17922.7934282, 17926.0634425, -17922.196613, -17923.7108773, 4.96, 102.72138703, 0.0233918128655, 100.377447511, 101.838555265, 0.0143472946021, 165249.554778, nan,0, 
09/07/2014, 188.42, -17922.158474, 17926.6983967, -17922.417747, -17922.8000131, 4.82, 102.625272331, 0.835820895522, 100.380382087, 102.208865841, 0.0178896785398, 175078.542333, nan,1, 
10/07/2014, 187.7, -17922.5394465, 17926.3174242, -17922.4371484, -17922.3594837, 4.88, 102.6692922, -0.201086956522, 99.7767382522, 101.403550475, 0.0160429513077, 161736.250667, nan,0, 
11/07/2014, 188.0, -17922.380708, 17926.4761628, -17922.4971162, -17922.3505028, 6.45, 103.552740292, 0.396341463415, 100.009575385, 101.184068891, 0.0116074943346, 163037.151111, nan,1, 
14/07/2014, 189.86, -17921.3965289, 17927.4603418, -17922.3595428, -17922.4506705, 7.72, 104.238497859, 1.27748691099, 101.05601567, 101.767231445, 0.00698865208968, 185653.471333, nan,1, 
15/07/2014, 188.49, -17922.1585801, 17925.9760555, -17922.1055611, -17922.4312691, 7.61, 104.207209199, 0.117647058824, 100.13280918, 100.593452807, 0.00457926051849, 171648.273407, nan,0, 
16/07/2014, 192.36, -17920.126444, 17928.0081916, -17921.9786057, -17922.3207401, 11.64, 106.440903054, 1.87307692308, 102.050993666, 102.264752791, 0.00209025220962, 211704.807111, nan,1, 
17/07/2014, 192.49, -17920.163012, 17926.5500621, -17921.2271844, -17922.1479032, 12.12, 106.719520985, 0.908860759494, 101.69482571, 102.007938485, 0.00306949419385, 224277.716444, nan,1, 
18/07/2014, 192.5, -17959.447308, 17964.2393468, -17920.8160121, -17921.7704504, 10.79, 105.93803313, 0.276162790698, 101.187973087, 101.792069208, 0.00593460891505, 196773.100667, nan,1, 
21/07/2014, 190.85, -18020.5955601, 18023.3972952, -17933.245588, -17921.3406007, 9.58, 105.284934076, -0.326530612245, 99.8482787486, 100.708149524, 0.0085382442189, 171402.344444, nan,0, 
22/07/2014, 194.09, -18163.6769584, 18169.0507783, -17966.7352934, -17925.0962615, 7.74, 104.153474644, 1.2246835443, 101.438292446, 102.266200886, 0.00809562136115, 205137.150296, nan,1, 
23/07/2014, 193.63, -18613.1929064, 18615.8160245, -18047.9066088, -17940.2656311, 5.24, 102.781463984, 0.609022556391, 100.608964034, 101.655851656, 0.010298350809, 205481.3, nan,0, 
24/07/2014, 195.24, -18616.3916816, 18620.6376627, -18265.8218083, -17982.6291634, 6.71, 103.55911526, 1.06417112299, 101.311802067, 102.221500861, 0.00889929013243, 208500.073889, nan,1, 
25/07/2014, 194.4, -18616.8203623, 18620.2089819, -18464.4205154, -18093.4879035, 6.36, 103.382259094, 0.312796208531, 100.588837951, 101.381479106, 0.0078184019621, 196632.816852, nan,0, 
28/07/2014, 195.78, -18616.116101, 18620.9132432, -18615.4683167, -18259.3829775, 8.56, 104.572161094, 0.727272727273, 101.104099317, 101.761516911, 0.0064603753318, 196033.906185, nan,1, 
29/07/2014, 194.57, -18616.7433809, 18620.0682281, -18616.442715, -18448.5702135, 6.15, 103.263984715, 0.0814814814815, 99.9701995602, 100.822352228, 0.0084520212919, 182979.333333, nan,0, 
30/07/2014, 194.0, -18617.0336049, 18619.7780041, -18616.5599481, -18565.4438491, 6.3, 103.356419819, 0.459546925566, 99.628191697, 100.211270152, 0.00581849181405, 166801.529481, nan,0, 
31/07/2014, 191.67, -18668.4745418, 18668.5916497, -18616.6310289, -18616.1569933, 3.67, 101.95212766, 0.105454545455, 98.394234027, 98.9238987381, 0.0053542644175, 138065.277778, nan,0, 
01/08/2014, 189.15, -18820.5213849, 18817.308554, -18634.0838425, -18616.544564, -0.71, 99.6260402402, -0.0643939393939, 97.4578017766, 97.664620262, 0.00211763978484, 99746.5125556, nan,0, 
04/08/2014, 189.64, -18820.2718941, 18817.5580448, -18702.0098439, -18622.4249398, 1.15, 100.610111942, 0.592592592593, 98.2417605189, 98.0872875482, -0.00157485209859, 92747.5476667, nan,1, 
05/08/2014, 187.1, -18860.7637475, 18855.2647658, -18769.7559403, -18650.9082384, -5.26, 97.2655437721, -0.159420289855, 97.5464792551, 96.8341295021, -0.00735639135376, 67780.9908889, nan,0, 
06/08/2014, 185.97, -18644.2393075, 18638.6894094, -18833.8523422, -18701.9498755, -6.52, 96.6128110551, -0.0901639344262, 97.7184833326, 96.5987595965, -0.011591491866, 44929.9582222, nan,0, 
07/08/2014, 184.3, -18444.0712831, 18437.8391039, -18775.0916497, -18768.5393754, -8.2, 95.7402597403, 0.229032258065, 97.6651510816, 96.1137302349, -0.0161415111337, 34454.6074074, nan,0, 
08/08/2014, 186.63, -18356.4470468, 18353.0254582, -18649.691446, -18792.8999774, -4.22, 97.7888394027, 0.766990291262, 99.6784737652, 97.8873165563, -0.0182981541617, 45921.9748148, nan,1, 
11/08/2014, 187.47, -18356.0193483, 18353.4531568, -18481.5858792, -18752.8784793, -6.62, 96.5892111907, 0.831730769231, 100.397369436, 98.7302573717, -0.016885523328, 70617.6711111, nan,1, 
12/08/2014, 187.34, -18356.0855397, 18353.3869654, -18385.5125594, -18635.456325, -6.29, 96.7515364355, 0.648936170213, 100.561478094, 99.0954773869, -0.0147938205203, 74726.3906667, nan,0, 
13/08/2014, 187.95, -18355.7749491, 18353.697556, -18356.1839783, -18505.5966282, -7.29, 96.2661339889, 1.02702702703, 100.862929452, 99.799816277, -0.0106524562364, 81711.3251852, nan,1, 
14/08/2014, 187.88, -18355.8105906, 18353.6619145, -18355.9599457, -18407.7608056, -6.52, 96.646090535, 0.177419354839, 100.611552014, 100.084167013, -0.00526941490216, 81642.5255556, nan,0, 
15/08/2014, 187.38, -18356.0651731, 18353.407332, -18355.8903598, -18365.8854945, -8.4, 95.7094698131, 0.478468899522, 99.9605236485, 100.019749871, 0.000592145272974, 84647.2687037, nan,0, 
18/08/2014, 189.36, -18355.0508699, 18354.6171743, -18355.8835709, -18356.0114279, -5.21, 97.3223004574, 1.18536585366, 100.936014157, 101.17222145, 0.00233470501695, 103361.837704, nan,1, 
19/08/2014, 190.07, -18354.6886066, 18354.9794377, -18355.6422112, -18355.9112921, -3.93, 97.9742268041, 1.0, 101.110744646, 101.566758221, 0.00448979157579, 118303.546667, nan,1, 
20/08/2014, 190.1, -18354.6441917, 18355.8434299, -18355.2682165, -18355.8053807, -1.57, 99.1808838107, 0.280701754386, 100.833828397, 101.421826233, 0.00579754731393, 121190.028444, nan,1, 
21/08/2014, 191.23, -18354.0052219, 18357.8590078, -18354.7945561, -18355.5979996, 2.08, 101.099656357, 1.25477707006, 101.202383598, 101.800391806, 0.00587432127774, 142470.28963, nan,1, 
22/08/2014, 190.41, -18354.4440048, 18357.1357318, -18354.4460067, -18355.2349946, 0.77, 100.406032483, 0.408805031447, 100.412386356, 100.991296323, 0.00573227582425, 139175.112, nan,0, 
25/08/2014, 191.16, -18354.0535222, 18357.5262144, -18354.3644728, -18354.8362598, 4.06, 102.169962587, 1.27272727273, 100.486768927, 101.186222667, 0.00691253929371, 146932.196444, nan,1, 
26/08/2014, 192.99, -18353.1007445, 18358.478992, -18354.167583, -18354.5350119, 7.02, 103.774802387, 0.94422310757, 101.25712247, 101.955749968, 0.00685226187603, 166855.584074, nan,1, 
27/08/2014, 192.25, -18353.5200744, 18357.3386038, -18353.8660905, -18354.3260208, 7.95, 104.313619099, 0.443579766537, 100.560733976, 101.262555767, 0.00693071378506, 169828.739259, nan,0, 
28/08/2014, 192.0, -18353.6627003, 18356.9027971, -18353.5581137, -18354.1327154, 5.37, 102.877350908, 0.0304878048781, 100.20458436, 100.902340199, 0.00691516011858, 156167.653926, nan,0, 
29/08/2014, 192.3, -18624.8989852, 18627.0573327, -18353.4278397, -18353.863929, 4.83, 102.576412226, 0.465838509317, 100.280556106, 100.841658145, 0.00556418894254, 160588.421074, nan,1, 
02/09/2014, 191.56, -18676.5428836, 18677.6761449, -18444.0272533, -18353.617348, 4.22, 102.252588876, 0.328431372549, 99.6981367753, 100.195096947, 0.00495992505465, 155568.151333, nan,0, 
03/09/2014, 191.95, -18676.3419873, 18677.8770412, -18551.701523, -18383.6710689, 4.0, 102.128225592, 1.2752293578, 99.8595359484, 100.283688684, 0.00422952866507, 158756.394222, nan,1, 
04/09/2014, 190.68, -18676.9961881, 18677.2228404, -18659.2612854, -18449.718872, 2.8, 101.490312966, 0.281368821293, 99.3062933567, 99.522430126, 0.0021717392663, 139560.119111, nan,0, 
05/09/2014, 191.2, -18676.7283264, 18677.4907021, -18676.6270197, -18551.6633539, 3.82, 102.038638062, 0.644578313253, 99.740216382, 99.7636353201, 0.000234744233117, 133804.84, nan,1, 
08/09/2014, 190.14, -18774.7740174, 18773.9446762, -18676.6888339, -18629.1966094, 0.78, 100.411913815, 0.0, 99.2701187232, 99.2121054005, -0.000584740364836, 120616.376481, nan,0, 
09/09/2014, 189.99, -18924.6188121, 18922.8674084, -18709.4995106, -18670.8590463, -0.08, 99.9579102436, 0.625, 99.4160308938, 99.1478058479, -0.00270530490932, 117260.935, nan,0, 
10/09/2014, 191.54, -18923.8203781, 18923.6658425, -18792.0403853, -18687.6051214, 1.44, 100.757496055, 1.05365853659, 100.392049981, 100.017754013, -0.00374229527444, 130246.079704, nan,1, 
11/09/2014, 191.72, -18949.8615876, 18949.7585638, -18874.4044025, -18726.0762433, 0.49, 100.256235946, 0.466165413534, 100.529599916, 100.187603535, -0.00341355985528, 131841.238444, nan,1, 
12/09/2014, 191.28, -18950.0882398, 18949.5319116, -18932.7669259, -18791.9814328, 0.87, 100.456908776, -0.116504854369, 100.189610199, 99.9853639158, -0.00204276181397, 124130.686111, nan,0, 
15/09/2014, 191.81, -18949.8152269, 18949.8049245, -18941.2567352, -18866.4039046, 0.65, 100.340029295, 0.633507853403, 100.458797281, 100.300152691, -0.00158169838792, 128315.345185, nan,1, 
16/09/2014, 192.96, -18949.2228404, 18950.3973111, -18949.9216848, -18916.1426879, -0.03, 99.9844551531, 0.64, 100.884622624, 100.927364308, 0.000423489553924, 137730.05, nan,1, 
17/09/2014, 192.8, -18949.3052594, 18950.3148921, -18949.708769, -18941.3151153, 0.55, 100.286085826, 0.507462686567, 100.488893059, 100.769886111, 0.00278846254078, 142376.470444, nan,0, 
18/09/2014, 193.75, -18948.8103698, 18951.0568064, -18949.4477755, -18946.9623963, 1.75, 100.911458333, 0.93661971831, 100.851577709, 101.221449021, 0.00365408038977, 148852.524333, nan,1, 
19/09/2014, 194.0, -18948.6871169, 18950.9330346, -18949.1128232, -18949.6927431, 1.7, 100.884035361, 0.690607734807, 100.768751299, 101.1897621, 0.00416060669021, 154698.664296, nan,1, 
22/09/2014, 193.11, -18949.1538462, 18950.0307692, -18948.9342487, -18949.4231226, 1.55, 100.809145959, 0.0927152317881, 100.023826296, 100.578648847, 0.00551630547383, 142098.520148, nan,0, 
23/09/2014, 191.62, -18949.9179487, 18949.2666667, -18948.8837776, -18949.1649491, -0.33, 99.8280802292, -0.0258064516129, 99.1185781383, 99.6484586263, 0.00531749808611, 124211.669, nan,0, 
24/09/2014, 192.31, -18949.5641026, 18949.6205128, -18949.2529706, -18948.9769498, 1.63, 100.854835326, 0.322957198444, 99.6135836234, 99.9225809133, 0.0030923669816, 117473.44237, nan,1, 
25/09/2014, 189.01, -18951.2564103, 18947.9282051, -18949.5452991, -18949.0236656, -2.19, 98.8546025105, 0.0538243626062, 97.9539588926, 98.1686541738, 0.00218700442583, 99741.0328889, nan,0, 
26/09/2014, 190.06, -18896.4410256, 18894.4666667, -18950.2461538, -18949.2273491, -0.08, 99.9579257389, 0.767441860465, 98.9844278944, 98.8531453983, -0.00132805583043, 94188.4666667, nan,1, 
29/09/2014, 189.64, -18860.4717949, 18858.2512821, -18932.4205128, -18949.6814745, -0.35, 99.8157797779, -0.054347826087, 99.1726893349, 98.6973243886, -0.0048163914194, 90105.5746667, nan,0, 
30/09/2014, 189.83, -18811.1230769, 18809.3487179, -18902.7230769, -18944.0706553, -1.71, 99.1072360865, 0.711764705882, 99.6336496473, 98.9079124246, -0.00733750419886, 100980.207444, nan,1, 
